113,
9,
115,
26,
10,
43,
75,
54,
61,
33,
15,
21,
92,
8,
26,
7,
18,
4,
14,
56,
24,
23,
3,
48,
47,
18,
27,
3,
21,
10,
28,
101,
56,
8,
23,
40,
12,
146,
52,
108,
106,
25,
22,
13,
33,
68,
19,
41,
7,
64,
7,
11,
44,
9,
51,
56,
16,
21,
4,
7,
22,
15,
4,
19,
39,
95,
70,
111,
90,
7,
70,
6,
23,
93,
81,
3,
62,
73,
78,
34,
54,
31,
19,
56,
89,
4,
4,
4,
29,
11,
11,
90,
16,
20,
7,
66,
28,
4,
134,
129,
97,
13,
53,
17,
74,
16,
132,
23,
33,
27,
52,
111,
39,
98,
94,
54,
39,
16,
3,
10,
3,
7,
8,
5,
5,
11,
6,
92,
34,
7,
8,
17,
60,
134,
24,
37,
46,
41,
54,
147,
28,
36,
21,
42,
44,
27,
29,
12,
10,
76,
48,
56,
16,
13,
38,
23,
8,
70,
66,
51,
89,
15,
12,
43,
27,
26,
24,
16,
11,
48,
30,
18,
81,
44,
28,
42,
10,
17,
34,
131,
25,
22,
31,
13,
40,
29,
149,
6,
22,
26,
3,
29,
22,
60,
107,
46,
37,
22,
47,
27,
4,
44,
90,
37,
3,
8,
103,
26,
101,
22,
8,
3,
89,
76,
42,
42,
43,
43,
3,
80,
41,
63,
24,
20,
41,
56,
26,
36,
19,
20,
28,
34,
26,
28,
18,
51,
34,
12,
63,
18,
80,
41,
18,
18,
20,
22,
33,
18,
50,
30,
16,
18,
9,
29,
26,
24,
9,
53,
13,
42,
63,
37,
6,
70,
23,
38,
21,
47,
50,
10,
23,
17,
18,
22,
44,
9,
12,
4,
8,
19,
18,
18,
35,
22,
12,
3,
15,
19,
46,
59,
31,
33,
18,
63,
43,
30,
9,
56,
16,
23,
10,
35,
42,
10,
10,
10,
10,
24,
16,
29,
12,
37,
34,
17,
27,
7,
9,
17,
19,
20,
10,
10,
29,
27,
19,
33,
10,
40,
23,
14,
32,
12,
23,
10,
9,
34,
39,
10,
17,
9,
23,
16,
27,
15,
33,
17,
37,
39,
16,
37,
36,
13,
82,
49,
22,
4,
14,
12,
8,
4,
94,
5,
9,
125,
46,
10,
5,
19,
21,
10,
44,
71,
27,
13,
14,
9,
15,
141,
111,
31,
39,
31,
38,
14,
24,
19,
95,
10,
22,
58,
33,
20,
56,
30,
25,
31,
26,
9,
24,
66,
5,
17,
74,
9,
19,
23,
79,
40,
49,
35,
47,
10,
49,
31,
10,
65,
7,
16,
73,
101,
112,
23,
37,
8,
10,
9,
69,
18,
14,
111,
17,
10,
65,
78,
4,
18,
85,
103,
91,
66,
25,
7,
14,
30,
55,
27,
62,
28,
69,
103,
29,
21,
32,
83,
9,
35,
26,
17,
75,
6,
74,
22,
8,
4,
6,
9,
23,
32,
9,
7,
31,
18,
18,
16,
75,
80,
93,
14,
15,
27,
96,
23,
74,
8,
37,
36,
26,
36,
45,
3,
46,
21,
11,
24,
58,
20,
15,
15,
35,
13,
9,
25,
24,
13,
21,
5,
22,
33,
10,
41,
33,
12,
23,
26,
5,
24,
28,
35,
27,
56,
12,
36,
5,
37,
22,
21,
35,
74,
59,
30,
53,
79,
33,
15,
11,
33,
26,
16,
19,
70,
34,
16,
30,
32,
33,
25,
20,
21,
21,
29,
31,
29,
10,
22,
17,
18,
114,
74,
18,
33,
11,
12,
54,
25,
32,
33,
17,
81,
27,
29,
22,
32,
15,
36,
25,
51,
26,
54,
3,
53,
59,
55,
34,
57,
32,
129,
26,
30,
129,
29,
9,
34,
3,
83,
38,
3,
23,
30,
13,
27,
3,
66,
34,
104,
31,
95,
135,
94,
96,
17,
82,
13,
108,
23,
5,
30,
63,
20,
89,
114,
40,
35,
55,
27,
32,
35,
38,
36,
84,
39,
12,
40,
18,
69,
24,
14,
39,
17,
78,
35,
124,
23,
26,
47,
35,
59,
46,
11,
67,
52,
57,
41,
14,
37,
34,
45,
22,
68,
23,
42,
76,
78,
44,
48,
18,
40,
52,
44,
54,
18,
27,
10,
45,
140,
20,
20,
70,
10,
64,
74,
4,
9,
31,
36,
64,
74,
106,
42,
22,
60,
47,
33,
19,
29,
107,
33,
37,
59,
40,
72,
111,
64,
84,
49,
56,
11,
49,
15,
6,
66,
16,
145,
34,
71,
90,
4,
83,
48,
82,
19,
67,
74,
75,
107,
65,
15,
33,
98,
28,
38,
75,
31,
43,
19,
28,
65,
35,
22,
8,
64,
68,
58,
84,
129,
24,
33,
44,
13,
14,
27,
51,
39,
29,
66,
44,
108,
7,
29,
57,
12,
11,
5,
64,
9,
27,
20,
29,
27,
15,
39,
20,
16,
17,
29,
36,
26,
32,
17,
11,
5,
10,
67,
12,
132,
12,
48,
37,
38,
32,
51,
11,
42,
33,
23,
43,
40,
100,
10,
38,
18,
12,
19,
13,
26,
40,
29,
10,
68,
37,
87,
34,
34,
12,
27,
68,
39,
14,
12,
30,
38,
43,
12,
31,
49,
47,
64,
19,
3,
38,
12,
20,
39,
33,
24,
24,
29,
23,
55,
42,
10,
37,
26,
34,
20,
32,
19,
21,
62,
21,
17,
19,
23,
13,
15,
47,
19,
34,
8,
20,
19,
32,
44,
34,
23,
54,
35,
41,
3,
60,
54,
17,
24,
47,
34,
10,
41,
46,
34,
38,
40,
42,
40,
61,
43,
48,
33,
48,
30,
53,
28,
18,
47,
24,
78,
46,
4,
41,
43,
34,
4,
35,
26,
91,
48,
46,
52,
38,
22,
50,
38,
35,
17,
22,
58,
9,
31,
33,
26,
46,
42,
32,
43,
9,
53,
51,
48,
39,
28,
27,
42,
13,
39,
27,
43,
51,
42,
43,
35,
3,
44,
19,
39,
14,
32,
6,
24,
10,
22,
46,
50,
32,
35,
60,
19,
78,
29,
48,
26,
12,
20,
36,
38,
43,
22,
49,
42,
57,
69,
32,
60,
40,
22,
36,
18,
10,
27,
49,
34,
63,
29,
24,
10,
42,
37,
46,
49,
34,
12,
32,
9,
12,
31,
90,
23,
33,
49,
108,
21,
26,
24,
71,
39,
38,
18,
21,
9,
9,
30,
29,
32,
18,
18,
4,
10,
7,
20,
13,
12,
15,
17,
11,
28,
61,
16,
36,
19,
10,
16,
16,
49,
10,
12,
12,
4,
9,
10,
10,
20,
9,
30,
29,
20,
7,
3,
3,
4,
3,
3,
12,
15,
129,
10,
20,
27,
27,
18,
10,
8,
10,
4,
10,
3,
8,
9,
14,
4,
18,
30,
19,
96,
10,
15,
15,
37,
37,
21,
41,
25,
12,
3,
8,
45,
4,
56,
37,
55,
4,
37,
12,
12,
17,
14,
113,
150,
51,
10,
31,
20,
53,
20,
72,
9,
10,
71,
53,
14,
65,
46,
9,
101,
27,
35,
25,
16,
5,
65,
20,
28,
19,
48,
21,
55,
19,
22,
13,
15,
75,
12,
21,
104,
102,
22,
15,
15,
72,
32,
3,
29,
30,
20,
71,
73,
14,
51,
20,
99,
29,
58,
23,
11,
26,
125,
127,
92,
3,
13,
22,
86,
80,
9,
4,
105,
23,
5,
74,
111,
149,
99,
46,
21,
15,
22,
49,
12,
90,
118,
7,
28,
18,
16,
9,
9,
16,
53,
18,
37,
66,
21,
23,
22,
57,
12,
37,
13,
83,
16,
56,
31,
70,
23,
42,
21,
9,
39,
104,
15,
97,
9,
72,
64,
20,
51,
9,
9,
15,
13,
14,
26,
11,
7,
9,
61,
13,
13,
28,
15,
16,
47,
9,
21,
30,
15,
49,
34,
112,
13,
38,
88,
25,
103,
66,
30,
11,
88,
41,
16,
15,
9,
29,
21,
25,
20,
43,
15,
43,
16,
11,
69,
82,
65,
33,
76,
21,
7,
50,
57,
28,
25,
16,
50,
16,
10,
24,
15,
33,
62,
16,
24,
27,
13,
8,
11,
14,
69,
8,
94,
94,
33,
18,
18,
66,
26,
18,
77,
64,
54,
26,
92,
120,
26,
19,
14,
34,
25,
33,
103,
42,
31,
79,
51,
12,
6,
9,
57,
18,
38,
116,
33,
82,
105,
33,
42,
65,
48,
31,
23,
47,
12,
25,
26,
58,
10,
32,
108,
47,
64,
80,
115,
79,
29,
36,
28,
54,
51,
24,
30,
20,
65,
71,
30,
75,
55,
34,
18,
34,
16,
20,
62,
36,
26,
10,
41,
44,
69,
34,
27,
28,
28,
10,
25,
31,
18,
150,
36,
32,
85,
18,
17,
36,
9,
34,
27,
39,
17,
27,
29,
52,
19,
12,
128,
9,
33,
18,
18,
43,
38,
18,
46,
39,
125,
26,
23,
142,
102,
41,
83,
51,
40,
73,
64,
55,
42,
76,
31,
17,
43,
31,
64,
45,
74,
11,
49,
31,
57,
71,
36,
10,
55,
46,
9,
26,
53,
26,
42,
18,
18,
10,
16,
9,
9,
6,
49,
18,
53,
24,
28,
9,
26,
51,
43,
144,
56,
54,
47,
23,
32,
26,
10,
16,
28,
3,
17,
32,
43,
34,
32,
30,
27,
26,
17,
21,
119,
10,
37,
30,
53,
17,
10,
27,
17,
26,
50,
34,
35,
103,
10,
9,
13,
27,
18,
12,
35,
27,
19,
18,
75,
49,
60,
45,
18,
98,
69,
9,
24,
47,
34,
28,
17,
27,
33,
113,
26,
15,
43,
64,
9,
93,
12,
18,
17,
34,
10,
30,
41,
31,
11,
75,
56,
22,
18,
18,
32,
106,
41,
25,
9,
47,
27,
42,
16,
34,
64,
73,
101,
12,
10,
74,
22,
4,
10,
10,
8,
20,
22,
55,
67,
24,
8,
26,
12,
29,
18,
34,
20,
24,
12,
74,
65,
24,
36,
23,
10,
10,
10,
8,
29,
23,
10,
7,
46,
22,
10,
40,
10,
27,
10,
34,
9,
32,
9,
18,
11,
10,
15,
9,
18,
10,
46,
14,
17,
18,
42,
26,
10,
20,
25,
17,
18,
24,
10,
9,
43,
31,
47,
20,
15,
26,
58,
42,
20,
25,
10,
83,
33,
38,
59,
39,
57,
129,
47,
48,
17,
29,
15,
47,
26,
13,
60,
66,
32,
10,
48,
15,
55,
9,
26,
20,
10,
17,
19,
24,
25,
37,
27,
38,
21,
10,
6,
26,
41,
26,
43,
18,
26,
22,
112,
22,
21,
19,
18,
18,
71,
62,
24,
20,
44,
43,
18,
37,
44,
46,
114,
56,
50,
38,
35,
18,
32,
25,
40,
26,
34,
23,
8,
16,
10,
14,
10,
38,
18,
19,
11,
20,
33,
43,
10,
9,
9,
12,
18,
27,
41,
10,
30,
18,
10,
22,
11,
20,
28,
20,
18,
18,
18,
31,
35,
10,
18,
29,
31,
22,
20,
12,
26,
18,
16,
28,
20,
31,
10,
18,
17,
23,
23,
18,
55,
27,
34,
34,
24,
18,
18,
14,
42,
26,
26,
18,
27,
15,
24,
22,
30,
29,
37,
26,
18,
24,
19,
11,
14,
10,
36,
31,
18,
18,
18,
26,
18,
16,
18,
52,
10,
23,
69,
43,
31,
12,
15,
12,
12,
90,
3,
49,
37,
12,
16,
29,
10,
18,
18,
36,
42,
34,
32,
24,
11,
21,
4,
13,
28,
12,
50,
63,
17,
18,
17,
26,
16,
9,
3,
4,
7,
4,
3,
16,
11,
19,
15,
140,
25,
81,
14,
26,
11,
8,
14,
4,
5,
114,
14,
36,
80,
66,
40,
19,
8,
14,
76,
16,
12,
48,
12,
32,
12,
11,
99,
15,
7,
20,
39,
28,
23,
35,
13,
26,
14,
127,
12,
17,
8,
11,
20,
8,
15,
5,
109,
117,
54,
12,
62,
16,
54,
19,
13,
115,
75,
33,
26,
122,
7,
31,
10,
65,
78,
15,
15,
16,
122,
29,
48,
55,
15,
14,
28,
63,
51,
104,
104,
20,
13,
17,
32,
23,
28,
70,
17,
18,
4,
24,
16,
5,
22,
18,
69,
23,
18,
72,
30,
33,
42,
20,
36,
18,
22,
65,
14,
25,
22,
70,
27,
17,
38,
81,
41,
9,
75,
39,
85,
27,
55,
128,
41,
25,
60,
30,
9,
26,
36,
64,
35,
8,
37,
91,
59,
24,
32,
29,
57,
9,
31,
26,
10,
24,
5,
15,
27,
32,
35,
48,
95,
20,
20,
80,
25,
16,
12,
36,
15,
35,
129,
70,
27,
66,
140,
79,
94,
60,
20,
20,
12,
35,
27,
11,
26,
122,
104,
28,
13,
11,
17,
3,
36,
22,
22,
11,
27,
10,
21,
18,
96,
118,
20,
63,
145,
11,
11,
59,
49,
14,
15,
19,
14,
61,
49,
17,
34,
32,
41,
25,
36,
60,
48,
22,
30,
32,
25,
80,
19,
100,
3,
51,
40,
44,
11,
51,
10,
9,
10,
6,
9,
32,
28,
12,
13,
42,
28,
37,
25,
49,
39,
44,
21,
55,
12,
52,
19,
38,
46,
13,
20,
18,
10,
39,
21,
29,
29,
34,
62,
24,
98,
20,
62,
21,
90,
23,
25,
29,
24,
31,
74,
33,
12,
36,
19,
37,
28,
18,
69,
65,
36,
19,
26,
111,
15,
33,
22,
149,
63,
44,
70,
44,
56,
30,
19,
76,
70,
26,
78,
49,
29,
9,
18,
33,
141,
53,
13,
19,
11,
17,
26,
59,
31,
35,
32,
43,
76,
40,
10,
28,
39,
70,
117,
17,
3,
10,
11,
18,
17,
36,
32,
37,
13,
4,
18,
12,
12,
20,
17,
26,
18,
29,
38,
31,
18,
18,
9,
51,
12,
9,
27,
4,
18,
34,
11,
52,
94,
62,
43,
29,
44,
29,
17,
10,
18,
59,
17,
28,
10,
25,
32,
66,
46,
26,
33,
25,
27,
15,
20,
10,
26,
26,
26,
17,
33,
6,
12,
4,
3,
32,
28,
23,
8,
23,
18,
19,
34,
11,
18,
28,
40,
10,
17,
10,
61,
30,
17,
10,
29,
10,
28,
20,
53,
25,
18,
28,
18,
37,
25,
27,
21,
36,
27,
43,
27,
36,
91,
22,
12,
43,
36,
40,
45,
28,
27,
68,
39,
88,
34,
18,
28,
18,
4,
20,
22,
11,
18,
35,
23,
40,
31,
28,
10,
11,
21,
41,
71,
36,
18,
59,
10,
60,
17,
91,
26,
38,
23,
60,
26,
44,
30,
14,
57,
42,
54,
39,
9,
24,
22,
31,
32,
39,
31,
18,
36,
26,
24,
52,
103,
53,
18,
8,
55,
12,
20,
19,
10,
9,
17,
10,
10,
20,
53,
26,
13,
42,
5,
29,
35,
25,
29,
62,
20,
24,
15,
3,
22,
45,
51,
34,
26,
41,
16,
18,
32,
28,
35,
41,
12,
22,
36,
20,
18,
18,
28,
18,
31,
34,
45,
20,
26,
29,
26,
32,
34,
34,
10,
36,
38,
17,
10,
33,
18,
30,
48,
19,
20,
16,
20,
21,
43,
10,
89,
51,
25,
26,
29,
19,
130,
27,
36,
34,
36,
36,
14,
6,
36,
22,
10,
20,
37,
18,
10,
42,
26,
11,
28,
28,
39,
47,
27,
46,
49,
34,
12,
42,
30,
14,
26,
3,
12,
25,
38,
34,
37,
4,
39,
28,
32,
44,
69,
26,
36,
30,
4,
35,
42,
33,
58,
26,
23,
51,
18,
20,
36,
26,
42,
41,
18,
26,
18,
33,
17,
16,
25,
12,
9,
17,
19,
18,
19,
3,
12,
21,
32,
42,
26,
36,
12,
17,
10,
9,
10,
18,
39,
28,
17,
31,
35,
34,
40,
11,
44,
34,
20,
34,
8,
33,
3,
13,
40,
16,
33,
36,
10,
26,
39,
19,
34,
17,
31,
32,
28,
60,
29,
19,
18,
34,
31,
50,
29,
27,
36,
36,
26,
35,
29,
29,
28,
36,
34,
53,
18,
26,
20,
36,
17,
26,
43,
69,
19,
13,
37,
29,
17,
10,
11,
12,
12,
12,
58,
35,
36,
9,
17,
26,
27,
33,
39,
12,
34,
25,
41,
4,
61,
17,
27,
26,
21,
21,
36,
39,
66,
26,
18,
27,
19,
35,
29,
20,
35,
17,
68,
34,
36,
9,
41,
45,
42,
34,
29,
26,
33,
23,
52,
3,
9,
25,
10,
20,
11,
10,
20,
13,
10,
18,
29,
32,
31,
29,
17,
20,
48,
34,
33,
11,
17,
36,
60,
18,
60,
54,
26,
25,
9,
9,
58,
46,
4,
33,
35,
14,
42,
19,
50,
17,
42,
6,
30,
13,
4,
19,
23,
12,
20,
26,
25,
9,
10,
10,
3,
12,
7,
36,
52,
52,
27,
29,
4,
18,
18,
26,
17,
43,
17,
10,
10,
18,
9,
4,
11,
18,
50,
21,
18,
21,
10,
11,
18,
28,
54,
25,
38,
47,
44,
32,
19,
37,
72,
36,
17,
26,
29,
27,
18,
26,
17,
21,
22,
11,
21,
35,
20,
16,
32,
40,
41,
39,
36,
82,
34,
41,
12,
19,
10,
29,
10,
25,
22,
20,
25,
20,
22,
25,
52,
32,
38,
44,
18,
35,
52,
10,
32,
43,
24,
26,
39,
46,
24,
10,
26,
26,
26,
31,
39,
10,
12,
18,
4,
26,
18,
44,
19,
10,
37,
19,
20,
11,
75,
27,
26,
20,
18,
18,
9,
19,
31,
36,
17,
72,
32,
43,
17,
18,
27,
14,
47,
9,
41,
9,
26,
33,
50,
32,
8,
32,
27,
46,
35,
20,
36,
33,
34,
9,
45,
36,
34,
27,
27,
34,
59,
51,
33,
34,
27,
28,
34,
18,
40,
34,
24,
74,
69,
18,
20,
18,
9,
36,
38,
14,
83,
20,
34,
63,
49,
10,
25,
40,
18,
27,
17,
32,
33,
26,
28,
20,
26,
33,
27,
10,
38,
6,
41,
34,
10,
12,
10,
10,
20,
10,
29,
27,
11,
4,
10,
19,
10,
13,
18,
23,
9,
19,
53,
10,
10,
9,
33,
18,
8,
10,
33,
42,
47,
46,
6,
34,
18,
22,
10,
18,
18,
4,
34,
27,
25,
50,
49,
28,
9,
10,
16,
25,
10,
32,
20,
3,
4,
11,
6,
43,
18,
20,
52,
24,
10,
59,
41,
18,
10,
26,
26,
36,
30,
22,
32,
10,
26,
52,
38,
5,
4,
25,
18,
44,
35,
89,
37,
37,
25,
34,
25,
33,
11,
42,
41,
10,
48,
25,
29,
45,
43,
40,
44,
28,
3,
25,
42,
17,
78,
36,
10,
28,
33,
26,
24,
36,
26,
26,
4,
3,
17,
18,
35,
9,
62,
11,
17,
10,
20,
14,
36,
34,
28,
32,
13,
21,
9,
34,
53,
30,
42,
11,
51,
28,
20,
52,
27,
25,
32,
23,
42,
9,
18,
31,
34,
26,
18,
9,
37,
18,
22,
43,
33,
3,
38,
17,
27,
12,
32,
3,
26,
38,
16,
42,
26,
22,
16,
25,
75,
4,
26,
19,
11,
4,
19,
41,
27,
36,
25,
26,
49,
26,
10,
24,
8,
36,
20,
10,
13,
12,
32,
18,
10,
18,
27,
41,
76,
36,
4,
32,
20,
13,
41,
25,
36,
42,
36,
39,
41,
33,
4,
18,
18,
27,
10,
13,
27,
27,
12,
58,
45,
25,
26,
12,
67,
27,
18,
50,
22,
20,
18,
17,
11,
4,
28,
10,
45,
10,
21,
13,
17,
43,
3,
18,
19,
18,
27,
4,
7,
81,
9,
9,
3,
9,
9,
9,
10,
15,
12,
15,
9,
22,
9,
22,
9,
15,
15,
15,
15,
8,
6,
9,
26,
10,
23,
22,
8,
22,
3,
29,
45,
71,
12,
88,
97,
47,
9,
3,
16,
12,
12,
3,
8,
3,
8,
13,
19,
3,
16,
44,
40,
63,
14,
7,
3,
39,
33,
33,
59,
65,
20,
23,
78,
36,
10,
13,
70,
3,
16,
8,
115,
31,
19,
15,
3,
20,
17,
3,
8,
9,
15,
10,
12,
5,
33,
31,
24,
25,
61,
8,
17,
10,
3,
6,
8,
3,
8,
9,
12,
11,
4,
43,
55,
107,
8,
30,
8,
7,
21,
52,
81,
41,
16,
15,
19,
19,
9,
4,
4,
38,
3,
7,
5,
3,
8,
27,
18,
22,
66,
10,
33,
26,
42,
64,
114,
9,
10,
25,
8,
136,
4,
13,
10,
5,
42,
15,
19,
6,
7,
50,
6,
45,
24,
10,
15,
18,
15,
11,
12,
5,
35,
11,
27,
14,
27,
13,
8,
9,
9,
16,
9,
104,
9,
9,
3,
24,
3,
4,
5,
3,
4,
3,
3,
91,
17,
15,
10,
10,
76,
42,
20,
28,
20,
16,
40,
107,
33,
50,
67,
35,
51,
20,
37,
53,
10,
22,
34,
20,
23,
32,
29,
39,
58,
17,
10,
8,
17,
35,
17,
10,
24,
110,
25,
30,
46,
19,
11,
13,
10,
97,
26,
30,
11,
50,
28,
9,
27,
9,
29,
20,
21,
29,
4,
64,
22,
33,
18,
16,
16,
8,
16,
40,
10,
9,
8,
14,
10,
11,
36,
10,
25,
29,
23,
7,
17,
41,
29,
19,
15,
17,
26,
17,
18,
53,
26,
26,
12,
11,
9,
18,
10,
10,
10,
3,
36,
23,
25,
40,
13,
45,
27,
34,
15,
112,
35,
138,
16,
44,
94,
4,
4,
76,
63,
4,
53,
67,
30,
34,
9,
16,
25,
121,
7,
35,
78,
12,
10,
12,
20,
12,
18,
10,
47,
19,
50,
97,
31,
22,
22,
84,
27,
33,
16,
23,
49,
126,
20,
41,
61,
95,
32,
88,
17,
10,
27,
54,
12,
16,
17,
62,
20,
36,
22,
19,
53,
15,
25,
15,
17,
45,
21,
45,
66,
37,
23,
21,
19,
9,
95,
46,
10,
15,
17,
9,
18,
124,
22,
43,
51,
78,
55,
60,
53,
33,
26,
34,
25,
27,
48,
34,
20,
32,
36,
29,
17,
91,
73,
14,
127,
41,
109,
19,
100,
135,
32,
23,
9,
25,
17,
33,
57,
29,
10,
51,
10,
12,
34,
40,
27,
126,
95,
15,
46,
81,
39,
72,
17,
89,
24,
37,
131,
43,
16,
25,
39,
77,
46,
39,
47,
51,
58,
55,
8,
34,
28,
24,
46,
36,
59,
34,
20,
51,
20,
24,
88,
116,
9,
86,
92,
29,
6,
18,
60,
34,
38,
98,
27,
33,
29,
41,
42,
23,
18,
27,
52,
39,
63,
42,
34,
46,
31,
26,
20,
30,
30,
11,
20,
42,
18,
16,
36,
53,
80,
35,
26,
27,
17,
12,
48,
55,
51,
38,
34,
96,
60,
50,
29,
25,
55,
35,
25,
25,
33,
44,
41,
17,
28,
53,
65,
31,
87,
26,
62,
54,
33,
45,
136,
29,
24,
14,
24,
65,
30,
23,
58,
43,
26,
30,
18,
34,
3,
26,
3,
10,
18,
22,
52,
34,
57,
127,
126,
18,
11,
10,
3,
4,
37,
36,
65,
60,
18,
18,
41,
12,
10,
23,
35,
17,
43,
52,
120,
139,
10,
11,
34,
66,
33,
55,
12,
16,
62,
10,
10,
42,
26,
43,
79,
34,
3,
10,
9,
14,
60,
52,
18,
34,
64,
9,
9,
86,
34,
65,
13,
19,
26,
26,
18,
9,
48,
18,
18,
26,
28,
23,
36,
3,
23,
30,
17,
5,
89,
88,
26,
115,
9,
3,
9,
68,
7,
16,
33,
4,
12,
34,
3,
100,
42,
4,
29,
54,
62,
11,
53,
80,
55,
20,
48,
15,
8,
79,
9,
22,
65,
15,
37,
98,
19,
46,
87,
106,
15,
59,
26,
16,
30,
62,
18,
43,
21,
29,
16,
34,
37,
7,
16,
15,
59,
4,
4,
3,
8,
10,
9,
10,
5,
8,
30,
8,
58,
52,
110,
15,
132,
18,
16,
9,
106,
43,
31,
30,
90,
17,
68,
27,
15,
47,
60,
55,
12,
33,
136,
27,
14,
75,
35,
40,
42,
86,
26,
22,
12,
7,
75,
59,
9,
33,
39,
70,
35,
53,
9,
13,
107,
13,
7,
46,
83,
45,
33,
30,
66,
35,
32,
48,
10,
17,
15,
22,
45,
32,
65,
7,
21,
92,
101,
10,
18,
8,
39,
14,
15,
40,
25,
34,
42,
49,
36,
42,
4,
12,
95,
30,
21,
24,
36,
18,
21,
26,
67,
20,
19,
18,
16,
20,
19,
11,
9,
11,
13,
4,
66,
25,
67,
18,
57,
39,
41,
30,
56,
27,
29,
31,
18,
27,
24,
26,
47,
14,
40,
40,
40,
55,
20,
4,
17,
26,
24,
18,
27,
25,
17,
10,
25,
36,
34,
34,
25,
93,
36,
42,
42,
29,
28,
59,
34,
38,
9,
38,
19,
29,
111,
39,
33,
34,
10,
56,
25,
39,
27,
74,
58,
27,
29,
31,
25,
18,
28,
29,
23,
11,
4,
26,
10,
26,
69,
16,
27,
41,
18,
45,
32,
27,
35,
45,
24,
107,
39,
19,
21,
6,
18,
34,
36,
20,
17,
28,
27,
34,
31,
43,
61,
74,
20,
55,
18,
91,
92,
75,
35,
8,
14,
29,
20,
18,
18,
52,
16,
96,
75,
10,
40,
64,
39,
42,
25,
27,
98,
10,
27,
10,
10,
3,
63,
10,
20,
33,
18,
11,
12,
146,
45,
43,
124,
31,
15,
40,
30,
38,
33,
86,
7,
14,
15,
11,
10,
28,
11,
18,
38,
47,
28,
20,
10,
33,
10,
32,
27,
88,
29,
27,
48,
33,
59,
28,
27,
72,
17,
31,
18,
18,
19,
79,
12,
26,
39,
30,
26,
34,
59,
31,
46,
29,
126,
23,
10,
31,
18,
44,
12,
23,
34,
9,
18,
5,
10,
10,
18,
35,
10,
10,
70,
27,
11,
10,
44,
37,
10,
16,
35,
10,
11,
50,
6,
34,
34,
64,
20,
17,
44,
41,
26,
18,
33,
9,
120,
33,
16,
10,
40,
54,
39,
26,
71,
28,
58,
36,
27,
18,
41,
18,
26,
30,
26,
41,
78,
40,
33,
23,
24,
39,
33,
18,
18,
38,
36,
5,
15,
18,
28,
43,
23,
61,
34,
93,
18,
10,
27,
116,
33,
11,
8,
13,
28,
10,
18,
10,
11,
17,
47,
35,
13,
37,
19,
20,
19,
36,
16,
10,
28,
4,
18,
31,
34,
46,
9,
40,
25,
70,
4,
8,
56,
7,
45,
24,
43,
34,
21,
46,
21,
26,
30,
38,
50,
25,
45,
50,
5,
40,
36,
70,
41,
8,
19,
24,
31,
29,
80,
32,
17,
18,
10,
18,
44,
10,
37,
23,
70,
26,
138,
12,
14,
33,
49,
26,
71,
12,
15,
17,
62,
30,
26,
28,
32,
47,
28,
10,
10,
26,
32,
50,
28,
24,
45,
31,
26,
27,
60,
4,
9,
11,
18,
10,
50,
14,
16,
48,
46,
13,
19,
16,
72,
15,
31,
101,
40,
23,
33,
18,
22,
9,
18,
7,
8,
38,
7,
39,
10,
10,
18,
48,
15,
12,
17,
16,
43,
18,
19,
23,
24,
42,
18,
11,
35,
10,
11,
33,
19,
41,
18,
10,
42,
26,
18,
19,
23,
18,
10,
10,
29,
23,
47,
8,
70,
55,
25,
35,
22,
10,
27,
13,
26,
25,
42,
12,
10,
19,
19,
12,
38,
35,
46,
9,
64,
10,
18,
26,
26,
23,
30,
33,
11,
10,
42,
9,
10,
27,
50,
40,
20,
28,
30,
64,
34,
52,
17,
54,
16,
17,
11,
16,
43,
16,
16,
13,
36,
52,
33,
18,
20,
21,
24,
22,
14,
31,
28,
20,
42,
19,
42,
42,
44,
134,
53,
105,
6,
25,
23,
59,
45,
19,
20,
27,
10,
21,
12,
23,
10,
37,
20,
3,
50,
5,
10,
42,
23,
39,
5,
12,
47,
37,
8,
9,
3,
7,
8,
58,
3,
30,
9,
8,
10,
4,
54,
27,
3,
4,
21,
18,
32,
121,
41,
15,
9,
14,
3,
20,
22,
8,
81,
16,
9,
9,
14,
11,
83,
19,
3,
8,
11,
7,
9,
116,
30,
10,
15,
9,
17,
9,
6,
113,
10,
27,
24,
11,
38,
8,
24,
14,
16,
9,
14,
31,
29,
8,
9,
3,
30,
82,
3,
13,
13,
9,
5,
69,
70,
33,
7,
9,
32,
81,
14,
3,
34,
9,
8,
14,
7,
3,
6,
10,
93,
11,
5,
29,
3,
8,
6,
13,
21,
10,
3,
9,
8,
3,
7,
81,
23,
14,
17,
6,
16,
10,
5,
75,
24,
93,
22,
3,
8,
25,
55,
8,
3,
26,
8,
8,
3,
8,
3,
9,
9,
10,
6,
3,
6,
64,
5,
129,
18,
10,
24,
15,
28,
18,
10,
29,
67,
36,
16,
46,
77,
10,
4,
34,
10,
10,
18,
9,
8,
77,
17,
18,
25,
24,
38,
4,
4,
7,
11,
128,
18,
49,
71,
41,
18,
19,
14,
63,
39,
18,
19,
18,
10,
8,
5,
28,
10,
10,
18,
32,
10,
37,
25,
31,
11,
8,
18,
8,
17,
53,
15,
95,
4,
18,
34,
23,
14,
18,
10,
10,
70,
20,
18,
142,
40,
5,
54,
20,
32,
10,
10,
16,
18,
10,
8,
5,
15,
10,
18,
19,
5,
45,
24,
12,
24,
40,
17,
9,
4,
33,
10,
34,
10,
95,
19,
10,
10,
12,
34,
8,
12,
55,
18,
20,
14,
34,
10,
13,
43,
10,
10,
10,
63,
11,
4,
9,
18,
3,
17,
10,
10,
18,
16,
33,
10,
10,
18,
8,
5,
7,
26,
17,
44,
10,
10,
8,
5,
18,
10,
20,
5,
18,
39,
16,
5,
18,
10,
32,
5,
11,
10,
37,
33,
9,
10,
10,
10,
10,
8,
5,
7,
9,
3,
10,
10,
10,
10,
10,
11,
10,
10,
10,
8,
10,
5,
7,
10,
10,
10,
10,
16,
9,
23,
12,
27,
29,
36,
77,
19,
22,
15,
24,
39,
109,
40,
34,
26,
29,
28,
4,
3,
3,
21,
15,
15,
13,
9,
23,
16,
12,
22,
27,
21,
30,
33,
27,
52,
23,
24,
13,
19,
28,
31,
29,
29,
13,
21,
71,
16,
8,
18,
6,
23,
77,
42,
20,
14,
28,
23,
9,
27,
20,
13,
53,
27,
51,
22,
17,
38,
31,
57,
21,
27,
33,
27,
29,
9,
10,
9,
44,
25,
43,
22,
35,
28,
26,
21,
9,
71,
35,
37,
89,
28,
13,
63,
24,
22,
27,
31,
29,
37,
23,
15,
27,
21,
3,
19,
37,
17,
5,
28,
19,
15,
15,
23,
33,
39,
28,
59,
53,
7,
18,
29,
55,
29,
33,
18,
29,
44,
20,
10,
16,
13,
15,
35,
20,
24,
35,
12,
9,
25,
20,
30,
17,
18,
17,
10,
13,
4,
101,
13,
28,
42,
10,
31,
32,
62,
55,
42,
66,
31,
48,
79,
35,
35,
72,
46,
43,
38,
46,
23,
47,
52,
68,
54,
36,
73,
26,
24,
24,
10,
18,
12,
35,
28,
11,
29,
29,
23,
15,
10,
11,
15,
36,
4,
28,
34,
34,
3,
4,
4,
8,
10,
22,
15,
75,
34,
17,
16,
30,
27,
25,
35,
10,
29,
30,
20,
49,
30,
9,
25,
6,
36,
8,
26,
72,
74,
39,
45,
47,
7,
21,
22,
10,
10,
39,
18,
18,
32,
37,
18,
52,
25,
19,
11,
32,
16,
5,
31,
26,
51,
42,
54,
85,
8,
122,
13,
134,
51,
54,
37,
39,
40,
17,
44,
20,
75,
35,
45,
31,
66,
59,
32,
34,
51,
35,
21,
48,
50,
10,
57,
50,
14,
5,
25,
6,
15,
28,
65,
10,
60,
57,
12,
20,
24,
50,
42,
10,
52,
35,
65,
37,
31,
21,
45,
51,
48,
11,
8,
21,
78,
73,
36,
57,
56,
49,
57,
25,
39,
35,
8,
18,
20,
8,
5,
5,
12,
27,
36,
14,
108,
14,
35,
18,
8,
56,
22,
4,
51,
18,
118,
14,
14,
19,
9,
15,
41,
16,
13,
10,
55,
19,
117,
24,
3,
35,
70,
34,
24,
96,
61,
27,
16,
37,
8,
14,
45,
14,
11,
18,
30,
36,
13,
22,
11,
19,
24,
9,
7,
19,
5,
10,
15,
14,
66,
150,
12,
19,
15,
7,
148,
8,
7,
3,
130,
22,
23,
32,
8,
141,
30,
17,
11,
3,
4,
17,
8,
115,
4,
8,
3,
8,
19,
17,
79,
8,
9,
121,
10,
15,
18,
55,
40,
13,
16,
22,
19,
34,
7,
13,
35,
55,
7,
21,
39,
123,
22,
24,
32,
53,
21,
27,
31,
36,
31,
74,
9,
106,
7,
18,
21,
13,
73,
123,
51,
62,
49,
137,
20,
3,
64,
106,
41,
21,
21,
21,
57,
17,
25,
21,
21,
7,
17,
43,
108,
14,
8,
4,
9,
25,
3,
28,
62,
56,
3,
85,
53,
13,
32,
15,
19,
33,
31,
28,
68,
12,
33,
31,
22,
43,
95,
25,
112,
141,
27,
13,
31,
113,
28,
32,
58,
25,
97,
31,
28,
35,
34,
10,
3,
20,
74,
38,
43,
44,
26,
21,
15,
14,
10,
20,
20,
14,
9,
12,
9,
14,
13,
19,
21,
28,
42,
28,
21,
11,
25,
45,
60,
15,
18,
18,
23,
5,
28,
8,
27,
29,
116,
67,
13,
20,
58,
8,
9,
22,
13,
3,
23,
7,
22,
76,
28,
23,
106,
9,
27,
25,
23,
15,
9,
36,
20,
107,
21,
91,
47,
22,
7,
46,
14,
9,
15,
95,
15,
21,
27,
38,
25,
18,
12,
9,
27,
5,
10,
11,
131,
11,
5,
27,
7,
6,
54,
27,
24,
9,
16,
47,
54,
21,
32,
10,
12,
45,
36,
14,
11,
5,
49,
19,
47,
7,
9,
12,
13,
50,
12,
7,
21,
39,
13,
16,
133,
6,
18,
9,
7,
15,
5,
11,
8,
21,
11,
9,
10,
20,
7,
11,
14,
62,
13,
6,
92,
36,
41,
21,
7,
9,
23,
13,
10,
18,
57,
8,
79,
3,
7,
13,
6,
6,
6,
16,
9,
13,
7,
7,
16,
8,
6,
7,
7,
4,
37,
127,
10,
28,
39,
80,
11,
28,
71,
145,
3,
14,
92,
19,
4,
9,
9,
9,
37,
15,
65,
29,
124,
80,
16,
25,
144,
21,
23,
17,
27,
33,
11,
14,
34,
25,
39,
13,
15,
10,
16,
19,
63,
18,
47,
15,
20,
103,
76,
25,
25,
46,
20,
18,
25,
21,
146,
46,
38,
19,
43,
30,
41,
119,
94,
32,
7,
106,
40,
20,
43,
20,
24,
19,
46,
79,
20,
100,
20,
23,
33,
47,
3,
53,
59,
20,
23,
11,
20,
16,
9,
60,
17,
3,
14,
4,
32,
10,
43,
9,
10,
31,
28,
15,
30,
13,
20,
9,
23,
15,
10,
26,
9,
29,
14,
84,
18,
16,
17,
3,
8,
9,
4,
3,
8,
3,
15,
23,
17,
15,
10,
25,
49,
32,
62,
8,
15,
39,
14,
35,
17,
9,
75,
12,
35,
37,
26,
13,
34,
52,
23,
4,
15,
14,
3,
16,
3,
9,
3,
4,
25,
143,
85,
8,
34,
10,
8,
6,
14,
8,
3,
8,
21,
14,
17,
16,
3,
20,
14,
24,
45,
9,
4,
12,
48,
132,
77,
80,
15,
54,
21,
15,
9,
26,
11,
8,
27,
36,
68,
27,
15,
9,
33,
16,
14,
9,
9,
58,
14,
29,
43,
29,
20,
21,
17,
9,
29,
52,
8,
21,
3,
6,
13,
10,
14,
9,
26,
7,
8,
3,
35,
12,
8,
23,
61,
31,
28,
19,
38,
4,
49,
35,
43,
39,
3,
5,
84,
31,
41,
15,
23,
21,
40,
41,
42,
19,
47,
84,
30,
48,
56,
35,
5,
21,
28,
13,
27,
33,
34,
32,
20,
17,
27,
24,
38,
122,
31,
50,
104,
92,
31,
37,
30,
27,
15,
33,
9,
47,
39,
40,
3,
26,
27,
3,
33,
23,
29,
6,
68,
64,
47,
4,
7,
34,
9,
12,
35,
40,
51,
34,
42,
24,
44,
18,
40,
42,
20,
11,
10,
9,
84,
20,
23,
13,
61,
9,
22,
42,
118,
89,
13,
3,
57,
59,
27,
38,
11,
95,
65,
97,
15,
114,
56,
91,
77,
63,
75,
51,
10,
74,
25,
43,
47,
11,
14,
5,
35,
7,
10,
132,
3,
5,
5,
31,
23,
34,
14,
10,
14,
16,
31,
16,
43,
51,
61,
117,
81,
17,
8,
41,
71,
55,
23,
17,
27,
104,
23,
32,
22,
35,
28,
85,
25,
18,
75,
22,
36,
61,
65,
12,
19,
10,
35,
19,
3,
4,
3,
19,
145,
42,
13,
9,
8,
21,
68,
79,
133,
3,
14,
100,
9,
9,
19,
60,
9,
23,
8,
129,
32,
48,
78,
12,
3,
15,
27,
8,
11,
10,
14,
4,
13,
6,
15,
9,
3,
29,
34,
10,
39,
12,
120,
21,
16,
40,
24,
122,
31,
4,
27,
17,
34,
6,
11,
34,
21,
28,
62,
27,
3,
14,
35,
12,
6,
17,
4,
4,
6,
31,
28,
3,
3,
9,
48,
4,
8,
8,
12,
15,
7,
8,
5,
91,
19,
17,
11,
7,
8,
126,
19,
3,
9,
12,
7,
117,
11,
8,
5,
4,
20,
13,
10,
6,
15,
27,
17,
59,
81,
9,
9,
36,
27,
35,
9,
142,
27,
22,
14,
30,
3,
19,
20,
9,
9,
16,
8,
19,
15,
9,
12,
15,
9,
38,
109,
41,
39,
40,
30,
57,
23,
16,
15,
3,
22,
20,
21,
12,
42,
9,
83,
15,
16,
20,
75,
28,
52,
12,
94,
55,
15,
130,
34,
52,
10,
21,
10,
36,
59,
23,
33,
21,
68,
38,
29,
10,
7,
29,
46,
15,
22,
122,
46,
106,
21,
20,
9,
32,
14,
32,
94,
40,
111,
19,
76,
41,
16,
87,
21,
37,
103,
13,
100,
114,
105,
24,
30,
53,
82,
103,
9,
13,
99,
40,
131,
118,
144,
95,
40,
10,
26,
91,
9,
3,
14,
28,
26,
27,
13,
9,
30,
22,
73,
37,
37,
9,
8,
34,
19,
72,
50,
57,
23,
39,
48,
39,
101,
18,
42,
86,
30,
22,
17,
20,
41,
13,
16,
11,
21,
24,
16,
20,
40,
25,
61,
38,
148,
38,
9,
104,
28,
29,
26,
16,
9,
17,
50,
9,
32,
20,
16,
77,
19,
114,
25,
149,
16,
16,
10,
12,
18,
11,
11,
17,
108,
24,
90,
35,
40,
98,
35,
19,
31,
16,
19,
21,
18,
10,
104,
21,
18,
10,
133,
10,
16,
22,
58,
26,
81,
24,
20,
10,
18,
10,
10,
29,
39,
56,
55,
95,
18,
11,
15,
18,
24,
12,
10,
63,
15,
58,
53,
18,
18,
18,
18,
18,
7,
42,
10,
10,
22,
15,
26,
10,
18,
19,
10,
10,
17,
4,
18,
29,
5,
41,
52,
17,
38,
56,
150,
126,
73,
10,
105,
22,
12,
14,
56,
61,
10,
11,
14,
25,
9,
9,
19,
10,
11,
3,
43,
46,
64,
18,
15,
10,
30,
3,
28,
10,
34,
30,
18,
10,
10,
12,
10,
19,
9,
12,
18,
20,
29,
3,
15,
124,
30,
118,
109,
45,
38,
20,
40,
42,
102,
21,
82,
10,
10,
10,
22,
9,
4,
9,
40,
6,
53,
10,
59,
10,
18,
10,
18,
9,
124,
56,
10,
38,
22,
69,
43,
17,
39,
74,
22,
26,
26,
62,
30,
12,
32,
31,
21,
48,
12,
50,
16,
9,
20,
4,
11,
39,
28,
34,
34,
18,
10,
26,
34,
73,
48,
34,
22,
18,
34,
49,
20,
13,
107,
18,
21,
40,
10,
87,
23,
10,
65,
46,
24,
18,
10,
23,
11,
18,
26,
10,
42,
18,
27,
10,
18,
52,
28,
18,
10,
103,
15,
18,
10,
12,
64,
145,
10,
32,
24,
10,
10,
10,
11,
8,
26,
42,
27,
6,
29,
25,
11,
17,
13,
25,
10,
25,
24,
10,
24,
19,
4,
37,
36,
10,
42,
14,
30,
51,
26,
10,
13,
34,
10,
12,
105,
75,
28,
49,
10,
59,
32,
18,
30,
38,
18,
10,
15,
19,
17,
9,
18,
86,
17,
26,
24,
10,
26,
8,
18,
8,
10,
12,
15,
7,
16,
22,
60,
9,
69,
47,
10,
18,
32,
18,
18,
10,
26,
10,
29,
9,
26,
34,
14,
24,
21,
58,
41,
25,
45,
19,
20,
132,
52,
32,
10,
16,
16,
21,
21,
25,
118,
8,
13,
12,
27,
30,
4,
15,
10,
10,
18,
18,
4,
10,
26,
16,
13,
10,
15,
20,
15,
19,
10,
33,
33,
32,
38,
32,
81,
26,
27,
71,
15,
26,
38,
70,
21,
12,
16,
49,
26,
53,
35,
16,
9,
45,
39,
24,
26,
53,
29,
26,
20,
109,
20,
12,
18,
17,
26,
12,
18,
18,
8,
10,
18,
8,
8,
8,
27,
18,
42,
19,
50,
16,
31,
4,
10,
25,
18,
26,
25,
16,
10,
20,
10,
18,
27,
11,
80,
30,
26,
145,
26,
18,
28,
26,
69,
18,
54,
34,
44,
38,
40,
71,
11,
38,
74,
42,
61,
4,
5,
67,
44,
18,
34,
4,
45,
78,
53,
103,
18,
15,
23,
18,
18,
10,
32,
10,
18,
23,
24,
26,
33,
18,
32,
43,
4,
84,
34,
34,
22,
30,
58,
10,
15,
26,
27,
18,
42,
21,
19,
29,
18,
10,
42,
46,
16,
25,
44,
10,
50,
18,
10,
16,
8,
39,
17,
20,
10,
26,
28,
15,
21,
24,
94,
42,
32,
42,
54,
50,
10,
71,
50,
38,
44,
25,
41,
46,
17,
18,
10,
10,
111,
50,
26,
69,
21,
23,
33,
28,
23,
41,
25,
18,
42,
20,
49,
12,
18,
87,
18,
47,
9,
35,
15,
39,
24,
40,
10,
34,
30,
21,
37,
17,
25,
10,
37,
18,
9,
23,
18,
20,
59,
18,
18,
26,
26,
59,
31,
16,
58,
48,
34,
25,
23,
127,
20,
30,
34,
10,
22,
4,
18,
26,
9,
26,
16,
15,
22,
10,
53,
9,
10,
12,
58,
17,
18,
18,
36,
9,
18,
24,
28,
10,
30,
10,
26,
35,
31,
30,
12,
33,
34,
11,
11,
21,
10,
10,
23,
22,
7,
18,
18,
10,
16,
15,
9,
19,
41,
28,
31,
26,
15,
8,
4,
34,
11,
27,
10,
10,
10,
10,
9,
9,
3,
12,
18,
21,
31,
21,
18,
25,
42,
10,
23,
34,
8,
21,
13,
10,
25,
106,
38,
18,
18,
27,
31,
44,
30,
31,
8,
12,
10,
23,
16,
23,
20,
20,
61,
24,
63,
31,
12,
8,
42,
12,
12,
27,
18,
10,
34,
11,
10,
18,
26,
14,
9,
81,
19,
18,
10,
10,
53,
11,
66,
18,
27,
24,
26,
46,
10,
18,
34,
38,
28,
16,
9,
18,
25,
26,
16,
10,
6,
27,
12,
18,
69,
11,
18,
126,
34,
16,
10,
17,
42,
74,
51,
23,
28,
14,
37,
8,
10,
20,
26,
42,
11,
29,
16,
10,
12,
10,
16,
4,
39,
30,
18,
67,
26,
104,
22,
23,
15,
74,
32,
29,
29,
22,
29,
61,
72,
25,
4,
86,
26,
42,
22,
116,
25,
15,
40,
24,
31,
48,
26,
62,
10,
141,
10,
54,
41,
100,
10,
33,
28,
41,
17,
31,
40,
9,
10,
26,
26,
10,
31,
17,
9,
16,
20,
34,
34,
50,
18,
24,
37,
25,
21,
14,
4,
35,
26,
46,
8,
28,
14,
35,
12,
18,
24,
34,
48,
25,
45,
42,
97,
37,
16,
17,
36,
30,
25,
38,
16,
32,
30,
36,
28,
18,
16,
40,
10,
34,
20,
6,
13,
8,
10,
37,
20,
17,
15,
29,
16,
21,
15,
24,
20,
42,
24,
62,
29,
28,
23,
42,
24,
21,
23,
67,
18,
31,
19,
17,
26,
28,
31,
24,
24,
45,
27,
18,
68,
33,
41,
30,
18,
25,
8,
34,
18,
29,
12,
79,
21,
119,
13,
8,
21,
30,
24,
34,
32,
24,
32,
18,
20,
28,
28,
9,
10,
16,
35,
15,
18,
40,
18,
21,
9,
22,
12,
10,
17,
10,
20,
19,
43,
51,
8,
9,
21,
10,
16,
37,
15,
10,
38,
19,
52,
27,
21,
38,
22,
33,
29,
49,
66,
26,
28,
18,
9,
12,
10,
16,
33,
25,
18,
16,
10,
35,
21,
4,
12,
18,
18,
27,
20,
28,
19,
30,
53,
24,
27,
112,
11,
30,
42,
34,
77,
14,
50,
20,
21,
10,
8,
34,
10,
10,
10,
10,
8,
14,
21,
31,
15,
18,
69,
18,
17,
34,
14,
18,
18,
17,
10,
10,
14,
5,
11,
15,
26,
8,
18,
67,
16,
22,
16,
22,
27,
26,
38,
10,
24,
21,
3,
17,
38,
23,
8,
31,
16,
39,
34,
4,
33,
25,
23,
52,
32,
32,
28,
40,
25,
32,
18,
18,
36,
35,
43,
25,
17,
34,
26,
15,
8,
16,
10,
16,
11,
45,
44,
22,
70,
44,
11,
40,
25,
23,
10,
18,
36,
29,
38,
51,
30,
43,
10,
3,
18,
10,
45,
15,
10,
32,
35,
8,
18,
23,
20,
9,
17,
24,
32,
17,
29,
5,
18,
10,
16,
8,
8,
8,
16,
17,
8,
16,
10,
15,
16,
18,
54,
34,
10,
10,
22,
14,
10,
26,
16,
18,
20,
42,
10,
31,
10,
17,
13,
10,
10,
10,
18,
32,
18,
11,
22,
14,
10,
18,
10,
10,
30,
8,
41,
26,
63,
8,
23,
32,
45,
18,
30,
19,
32,
17,
27,
25,
19,
18,
35,
18,
17,
8,
10,
24,
34,
24,
24,
41,
19,
12,
80,
15,
22,
18,
10,
56,
20,
26,
36,
52,
32,
26,
27,
17,
26,
71,
19,
43,
9,
10,
5,
29,
50,
33,
41,
44,
15,
10,
31,
8,
18,
10,
16,
17,
18,
47,
36,
22,
17,
48,
32,
59,
58,
39,
34,
38,
32,
47,
20,
23,
18,
9,
44,
26,
26,
28,
32,
136,
42,
4,
9,
49,
21,
32,
118,
3,
16,
24,
112,
4,
36,
8,
28,
13,
28,
20,
50,
19,
31,
29,
16,
4,
12,
5,
7,
30,
4,
5,
26,
24,
12,
23,
10,
34,
8,
105,
66,
18,
18,
18,
18,
19,
10,
10,
10,
10,
8,
47,
13,
46,
23,
18,
88,
106,
15,
22,
20,
23,
41,
137,
59,
22,
14,
22,
17,
90,
9,
15,
21,
53,
15,
25,
35,
39,
50,
19,
7,
9,
33,
15,
143,
24,
14,
22,
14,
15,
19,
26,
24,
31,
27,
18,
61,
67,
32,
21,
21,
37,
29,
32,
29,
33,
44,
20,
19,
22,
15,
3,
14,
41,
21,
15,
31,
21,
22,
43,
20,
27,
4,
12,
38,
18,
26,
9,
3,
28,
86,
34,
50,
34,
26,
43,
89,
13,
41,
8,
28,
12,
21,
103,
13,
21,
30,
13,
28,
48,
57,
10,
8,
20,
13,
14,
23,
3,
24,
7,
82,
27,
34,
41,
34,
19,
28,
18,
65,
51,
35,
27,
27,
14,
37,
22,
78,
10,
50,
136,
143,
25,
64,
58,
42,
58,
33,
29,
33,
3,
20,
13,
10,
14,
42,
13,
6,
67,
18,
18,
36,
141,
74,
50,
70,
112,
138,
33,
27,
112,
15,
34,
33,
150,
64,
16,
18,
13,
24,
27,
131,
3,
27,
59,
43,
85,
43,
67,
132,
3,
52,
3,
16,
46,
71,
23,
3,
45,
30,
39,
14,
28,
55,
15,
123,
137,
8,
9,
89,
19,
29,
23,
8,
46,
3,
99,
61,
54,
56,
25,
31,
58,
20,
46,
19,
3,
93,
138,
50,
72,
21,
49,
39,
93,
75,
144,
64,
36,
18,
22,
14,
21,
8,
67,
31,
37,
12,
33,
35,
64,
8,
8,
19,
65,
22,
29,
26,
3,
25,
82,
57,
16,
93,
108,
32,
21,
24,
64,
76,
46,
39,
41,
40,
115,
121,
60,
33,
3,
47,
15,
29,
31,
57,
77,
139,
37,
44,
34,
37,
94,
83,
3,
38,
37,
8,
10,
140,
18,
49,
33,
36,
32,
15,
31,
10,
19,
50,
115,
63,
35,
42,
22,
5,
37,
47,
67,
50,
81,
72,
33,
18,
36,
43,
88,
123,
34,
41,
40,
116,
26,
92,
21,
52,
61,
32,
45,
33,
72,
26,
18,
14,
4,
32,
34,
17,
19,
26,
25,
10,
26,
10,
19,
65,
42,
34,
43,
41,
42,
12,
42,
47,
30,
23,
18,
9,
10,
9,
35,
51,
36,
22,
29,
19,
10,
28,
25,
25,
50,
16,
16,
17,
47,
38,
9,
45,
7,
33,
9,
27,
19,
28,
34,
16,
37,
24,
32,
33,
59,
58,
66,
36,
54,
31,
25,
44,
10,
33,
18,
61,
26,
91,
19,
22,
11,
41,
25,
42,
23,
25,
43,
35,
34,
34,
44,
84,
73,
19,
10,
19,
17,
71,
49,
19,
18,
8,
15,
42,
28,
39,
62,
31,
26,
29,
23,
33,
43,
42,
35,
20,
17,
18,
36,
22,
69,
42,
36,
15,
28,
25,
30,
19,
60,
26,
42,
39,
28,
34,
20,
32,
39,
4,
25,
48,
22,
26,
18,
38,
15,
34,
18,
37,
40,
37,
29,
37,
12,
34,
34,
41,
29,
35,
11,
26,
19,
31,
49,
52,
46,
43,
19,
26,
26,
33,
28,
43,
26,
30,
13,
25,
46,
26,
25,
18,
38,
17,
40,
36,
13,
28,
49,
30,
40,
31,
42,
39,
28,
20,
13,
6,
29,
12,
6,
4,
7,
33,
8,
9,
7,
10,
20,
10,
5,
7,
36,
6,
25,
19,
37,
34,
9,
135,
57,
147,
46,
37,
32,
73,
67,
35,
21,
41,
29,
9,
35,
15,
52,
11,
14,
21,
23,
23,
21,
15,
35,
9,
12,
16,
14,
144,
21,
98,
25,
30,
13,
50,
61,
72,
28,
19,
88,
6,
15,
13,
59,
9,
11,
18,
4,
8,
15,
28,
14,
14,
4,
15,
15,
15,
13,
7,
16,
10,
6,
33,
39,
13,
13,
8,
7,
32,
6,
5,
3,
4,
35,
6,
3,
8,
42,
30,
15,
8,
9,
8,
25,
33,
18,
14,
17,
27,
20,
32,
15,
9,
8,
11,
22,
71,
74,
34,
13,
6,
16,
27,
43,
19,
41,
42,
86,
25,
18,
22,
10,
12,
24,
55,
35,
18,
23,
84,
19,
15,
27,
63,
102,
19,
123,
51,
90,
76,
20,
11,
9,
63,
50,
7,
8,
19,
16,
127,
3,
34,
82,
34,
84,
5,
27,
60,
56,
10,
27,
45,
25,
126,
17,
45,
53,
110,
25,
41,
130,
6,
51,
5,
62,
78,
22,
27,
21,
22,
47,
28,
23,
74,
20,
20,
36,
26,
13,
79,
21,
23,
24,
28,
8,
20,
44,
93,
90,
21,
15,
100,
27,
48,
33,
27,
41,
59,
3,
15,
16,
13,
13,
17,
13,
13,
128,
13,
47,
33,
38,
36,
11,
8,
75,
64,
73,
88,
55,
19,
21,
21,
72,
122,
68,
27,
8,
53,
28,
9,
35,
41,
60,
22,
63,
39,
98,
9,
83,
3,
55,
24,
37,
31,
9,
21,
14,
9,
19,
9,
19,
35,
146,
37,
14,
17,
50,
3,
56,
28,
31,
10,
4,
14,
9,
56,
42,
20,
69,
19,
23,
76,
18,
49,
87,
8,
23,
20,
5,
67,
11,
39,
11,
8,
123,
33,
53,
102,
64,
24,
97,
79,
36,
10,
63,
66,
112,
104,
31,
98,
33,
73,
37,
28,
10,
18,
58,
22,
10,
17,
47,
41,
21,
31,
23,
15,
32,
29,
35,
49,
8,
79,
126,
46,
56,
61,
25,
29,
93,
79,
10,
17,
20,
18,
67,
19,
21,
26,
48,
41,
11,
26,
30,
27,
18,
71,
34,
17,
30,
10,
18,
14,
20,
4,
15,
31,
33,
7,
10,
10,
18,
8,
10,
7,
10,
24,
25,
28,
10,
10,
11,
18,
21,
19,
11,
27,
14,
68,
11,
14,
19,
27,
42,
40,
21,
37,
13,
124,
18,
25,
49,
128,
28,
13,
23,
35,
64,
17,
37,
37,
50,
32,
15,
14,
31,
30,
31,
16,
123,
10,
50,
68,
36,
53,
89,
63,
34,
40,
18,
87,
58,
10,
18,
57,
55,
34,
18,
64,
55,
72,
18,
60,
29,
104,
149,
42,
20,
11,
28,
64,
38,
19,
67,
10,
19,
47,
41,
9,
115,
52,
4,
24,
47,
26,
40,
8,
12,
39,
32,
24,
7,
49,
24,
26,
17,
34,
30,
18,
11,
12,
103,
19,
28,
39,
46,
36,
16,
22,
11,
15,
12,
23,
34,
43,
18,
10,
10,
23,
12,
21,
31,
78,
7,
56,
35,
70,
18,
31,
18,
18,
18,
39,
17,
68,
31,
16,
18,
24,
14,
18,
50,
84,
14,
8,
12,
19,
55,
18,
27,
17,
11,
19,
26,
18,
25,
25,
16,
24,
14,
8,
23,
47,
10,
24,
8,
24,
27,
27,
40,
8,
39,
16,
4,
10,
9,
29,
18,
49,
26,
18,
17,
11,
19,
15,
10,
18,
25,
24,
34,
30,
10,
24,
10,
79,
50,
26,
16,
62,
18,
35,
37,
43,
32,
18,
20,
26,
35,
8,
10,
10,
42,
21,
17,
35,
10,
24,
61,
24,
14,
39,
46,
11,
22,
25,
11,
33,
17,
11,
18,
8,
53,
21,
24,
24,
18,
34,
18,
10,
19,
10,
18,
17,
9,
3,
32,
13,
12,
29,
21,
65,
17,
35,
19,
15,
29,
11,
26,
78,
26,
33,
60,
4,
38,
22,
18,
55,
19,
22,
10,
23,
9,
10,
63,
130,
46,
12,
32,
18,
18,
23,
18,
30,
29,
48,
10,
44,
44,
10,
26,
19,
24,
18,
18,
83,
17,
26,
27,
17,
10,
18,
27,
25,
33,
9,
67,
41,
18,
30,
20,
34,
35,
13,
20,
24,
14,
41,
40,
25,
57,
27,
31,
31,
48,
33,
11,
37,
86,
94,
40,
46,
54,
31,
43,
45,
29,
58,
29,
27,
34,
43,
90,
31,
33,
40,
28,
55,
41,
28,
32,
8,
16,
10,
11,
8,
11,
11,
28,
19,
20,
110,
31,
26,
10,
17,
11,
24,
11,
39,
4,
26,
18,
18,
9,
35,
37,
17,
28,
68,
36,
39,
39,
36,
20,
40,
34,
25,
46,
27,
24,
23,
19,
18,
25,
14,
31,
26,
43,
33,
35,
23,
26,
9,
29,
10,
39,
18,
40,
14,
35,
21,
5,
37,
62,
25,
26,
29,
20,
33,
19,
39,
10,
9,
27,
20,
14,
12,
29,
22,
25,
18,
31,
43,
15,
47,
25,
7,
46,
16,
31,
25,
29,
26,
32,
41,
15,
11,
33,
19,
22,
42,
58,
19,
59,
28,
30,
38,
25,
41,
118,
17,
27,
35,
10,
114,
37,
24,
9,
11,
12,
7,
5,
11,
9,
26,
33,
3,
16,
9,
84,
8,
10,
3,
11,
64,
45,
26,
24,
46,
33,
34,
3,
36,
4,
17,
24,
5,
13,
4,
47,
32,
15,
19,
8,
15,
3,
8,
16,
15,
15,
18,
3,
8,
3,
37,
12,
11,
8,
20,
11,
6,
106,
3,
71,
4,
8,
80,
39,
14,
86,
13,
32,
82,
13,
14,
5,
4,
102,
57,
18,
25,
29,
8,
13,
8,
7,
6,
4,
66,
52,
7,
19,
26,
4,
37,
8,
3,
4,
4,
8,
32,
97,
8,
6,
6,
39,
4,
8,
30,
20,
33,
15,
9,
7,
7,
8,
8,
20,
10,
12,
17,
87,
14,
83,
7,
8,
9,
64,
134,
41,
8,
8,
9,
5,
22,
9,
31,
80,
141,
22,
136,
108,
27,
22,
3,
22,
96,
80,
4,
11,
6,
68,
4,
78,
93,
42,
40,
17,
15,
9,
31,
3,
41,
7,
83,
88,
8,
136,
38,
23,
18,
32,
16,
117,
26,
143,
80,
97,
41,
20,
44,
20,
89,
44,
15,
13,
23,
23,
21,
52,
12,
17,
43,
106,
41,
36,
66,
30,
61,
71,
17,
29,
20,
31,
28,
14,
18,
96,
19,
134,
18,
18,
22,
19,
21,
11,
10,
42,
14,
31,
9,
42,
14,
9,
65,
52,
26,
86,
44,
38,
77,
27,
25,
45,
18,
58,
3,
31,
64,
36,
23,
20,
30,
81,
31,
14,
9,
3,
4,
57,
27,
16,
70,
36,
15,
28,
32,
8,
5,
24,
20,
41,
16,
20,
25,
19,
58,
30,
29,
81,
17,
84,
26,
105,
48,
12,
5,
47,
23,
11,
27,
21,
17,
109,
17,
17,
23,
49,
19,
70,
15,
9,
21,
5,
68,
36,
41,
18,
27,
136,
62,
39,
51,
5,
14,
28,
16,
14,
112,
14,
9,
65,
29,
14,
23,
41,
34,
34,
12,
21,
46,
32,
30,
15,
108,
3,
24,
23,
9,
15,
15,
9,
21,
27,
19,
12,
9,
24,
21,
3,
14,
15,
3,
25,
21,
26,
23,
42,
64,
26,
36,
11,
9,
19,
15,
28,
48,
14,
19,
39,
15,
47,
27,
8,
15,
3,
49,
42,
4,
150,
34,
93,
15,
15,
34,
19,
7,
10,
3,
18,
89,
35,
41,
37,
120,
29,
33,
38,
11,
28,
85,
67,
42,
62,
34,
58,
10,
42,
31,
26,
54,
26,
30,
54,
91,
22,
18,
16,
19,
18,
51,
10,
27,
26,
9,
4,
10,
13,
14,
47,
22,
32,
34,
26,
83,
26,
9,
51,
29,
34,
10,
10,
45,
17,
18,
10,
75,
18,
10,
14,
20,
26,
37,
38,
41,
23,
18,
32,
35,
23,
10,
10,
82,
22,
30,
9,
19,
15,
17,
12,
10,
10,
26,
26,
75,
36,
10,
23,
66,
18,
18,
53,
37,
42,
9,
36,
26,
43,
38,
16,
10,
26,
72,
83,
59,
18,
81,
26,
70,
51,
7,
86,
85,
14,
3,
6,
41,
15,
35,
29,
18,
87,
25,
9,
4,
15,
18,
10,
27,
34,
18,
24,
30,
18,
10,
10,
78,
26,
24,
18,
68,
66,
54,
3,
24,
41,
52,
23,
10,
8,
18,
19,
71,
10,
30,
10,
10,
10,
10,
24,
47,
34,
30,
22,
4,
18,
18,
26,
18,
12,
29,
15,
13,
15,
17,
26,
59,
59,
25,
43,
18,
10,
34,
27,
105,
17,
53,
10,
13,
23,
22,
72,
19,
24,
34,
57,
141,
30,
29,
51,
18,
21,
23,
67,
46,
43,
14,
29,
81,
31,
21,
8,
32,
42,
7,
40,
30,
25,
21,
80,
12,
10,
15,
19,
4,
27,
36,
17,
18,
44,
66,
27,
21,
13,
56,
16,
10,
75,
26,
28,
23,
7,
13,
10,
40,
9,
10,
10,
17,
13,
10,
59,
18,
14,
13,
52,
89,
15,
26,
35,
27,
10,
10,
10,
9,
32,
10,
23,
21,
42,
34,
30,
50,
32,
11,
18,
35,
40,
36,
17,
18,
10,
12,
65,
34,
49,
41,
9,
10,
92,
34,
10,
69,
10,
46,
19,
7,
15,
10,
18,
50,
19,
26,
17,
41,
56,
27,
36,
25,
26,
44,
17,
55,
25,
37,
49,
23,
21,
26,
56,
12,
31,
10,
7,
15,
10,
18,
10,
16,
42,
18,
25,
17,
4,
10,
27,
30,
28,
22,
10,
52,
10,
16,
29,
47,
26,
14,
91,
39,
18,
18,
64,
18,
10,
54,
34,
18,
51,
32,
22,
10,
18,
54,
39,
20,
29,
36,
60,
27,
20,
34,
29,
48,
28,
70,
22,
18,
24,
50,
39,
26,
28,
10,
42,
37,
67,
18,
71,
30,
10,
39,
34,
30,
54,
36,
74,
27,
47,
10,
32,
17,
59,
18,
41,
30,
26,
22,
13,
18,
39,
4,
55,
26,
26,
25,
12,
63,
99,
10,
11,
26,
24,
18,
47,
14,
17,
9,
31,
60,
17,
31,
71,
27,
32,
18,
73,
23,
23,
10,
10,
43,
10,
10,
30,
13,
100,
27,
33,
33,
32,
83,
18,
30,
18,
18,
12,
39,
31,
49,
40,
22,
17,
42,
14,
18,
18,
27,
17,
68,
51,
15,
18,
19,
18,
14,
15,
45,
6,
9,
18,
10,
10,
20,
5,
18,
41,
49,
38,
26,
84,
43,
28,
16,
27,
18,
29,
50,
46,
42,
38,
27,
29,
41,
36,
44,
48,
38,
9,
9,
8,
27,
34,
26,
47,
23,
23,
7,
28,
34,
11,
21,
4,
7,
9,
3,
73,
14,
40,
19,
132,
27,
3,
9,
34,
27,
7,
9,
6,
5,
8,
12,
130,
150,
9,
4,
86,
62,
8,
3,
6,
20,
40,
81,
4,
62,
72,
7,
113,
12,
62,
5,
4,
67,
139,
13,
23,
50,
8,
4,
8,
63,
57,
4,
101,
83,
77,
17,
123,
61,
28,
50,
7,
25,
79,
56,
106,
28,
82,
56,
46,
14,
23,
9,
23,
16,
9,
9,
67,
13,
80,
65,
11,
122,
10,
21,
9,
9,
4,
47,
20,
59,
24,
8,
40,
9,
17,
15,
5,
146,
23,
37,
8,
39,
9,
126,
18,
32,
6,
14,
33,
10,
10,
8,
31,
16,
10,
23,
10,
3,
10,
10,
15,
82,
10,
14,
18,
35,
10,
4,
27,
11,
4,
5,
4,
16,
10,
22,
13,
5,
5,
44,
28,
44,
77,
54,
50,
45,
15,
15,
18,
12,
47,
23,
23,
32,
29,
18,
116,
26,
51,
84,
46,
27,
15,
3,
58,
30,
21,
26,
24,
25,
40,
32,
15,
30,
48,
23,
19,
26,
28,
67,
28,
23,
129,
31,
18,
25,
29,
18,
67,
31,
41,
31,
14,
25,
21,
33,
76,
37,
28,
8,
9,
11,
31,
37,
19,
21,
31,
10,
53,
30,
41,
72,
26,
40,
21,
33,
18,
21,
38,
28,
34,
42,
26,
38,
10,
36,
35,
20,
28,
25,
37,
20,
25,
23,
11,
16,
15,
18,
5,
26,
32,
68,
42,
34,
42,
31,
59,
23,
34,
36,
30,
31,
25,
25,
41,
32,
29,
20,
41,
27,
26,
34,
45,
20,
11,
18,
26,
10,
15,
19,
7,
18,
26,
24,
15,
15,
22,
27,
28,
9,
27,
28,
22,
24,
31,
33,
33,
33,
18,
21,
30,
48,
11,
17,
34,
17,
26,
25,
8,
5,
20,
25,
36,
39,
34,
26,
31,
40,
33,
40,
38,
57,
34,
26,
43,
37,
44,
27,
34,
38,
42,
49,
40,
46,
42,
32,
43,
123,
28,
35,
29,
33,
39,
47,
46,
6,
21,
31,
41,
42,
44,
17,
41,
54,
27,
38,
24,
32,
25,
19,
30,
26,
10,
14,
33,
33,
41,
53,
51,
30,
48,
42,
37,
35,
35,
42,
17,
26,
31,
20,
39,
9,
4,
6,
33,
4,
61,
13,
43,
16,
44,
12,
14,
5,
40,
14,
5,
28,
19,
74,
12,
10,
19,
12,
35,
7,
50,
15,
31,
8,
19,
32,
33,
33,
71,
34,
127,
119,
35,
20,
143,
15,
9,
15,
5,
106,
81,
76,
23,
14,
115,
66,
19,
9,
17,
101,
44,
13,
35,
93,
50,
36,
11,
9,
9,
11,
47,
14,
27,
15,
13,
133,
33,
98,
51,
66,
56,
21,
124,
46,
15,
143,
20,
39,
124,
65,
79,
82,
37,
111,
111,
60,
51,
26,
26,
21,
39,
31,
27,
9,
8,
19,
106,
63,
78,
21,
22,
35,
64,
88,
123,
34,
52,
102,
50,
16,
26,
37,
15,
123,
80,
104,
48,
63,
107,
77,
27,
42,
18,
26,
20,
24,
11,
10,
32,
19,
41,
18,
10,
10,
19,
10,
82,
31,
34,
72,
10,
10,
135,
47,
131,
45,
67,
42,
42,
146,
28,
28,
40,
31,
89,
50,
18,
19,
18,
10,
109,
44,
59,
24,
18,
57,
99,
61,
22,
33,
34,
10,
30,
56,
60,
75,
34,
66,
38,
10,
28,
12,
18,
17,
18,
29,
30,
33,
38,
92,
46,
31,
42,
50,
9,
20,
10,
39,
28,
19,
50,
77,
44,
39,
4,
28,
19,
24,
30,
25,
23,
85,
26,
11,
31,
42,
68,
27,
28,
30,
42,
9,
18,
9,
18,
18,
27,
87,
39,
42,
53,
31,
34,
9,
18,
56,
41,
18,
147,
46,
51,
26,
58,
26,
35,
40,
43,
85,
23,
10,
38,
17,
28,
25,
10,
34,
37,
26,
86,
34,
70,
35,
35,
21,
31,
46,
30,
8,
15,
30,
67,
65,
12,
26,
19,
68,
34,
18,
35,
49,
8,
84,
31,
34,
63,
37,
19,
50,
63,
30,
35,
119,
41,
31,
18,
22,
26,
55,
30,
26,
26,
26,
9,
22,
24,
23,
34,
22,
28,
9,
18,
16,
21,
14,
22,
23,
26,
34,
40,
10,
22,
30,
79,
26,
80,
46,
57,
107,
18,
46,
44,
18,
48,
36,
47,
75,
52,
31,
69,
10,
26,
38,
73,
26,
55,
13,
82,
35,
36,
101,
50,
83,
28,
40,
47,
18,
17,
34,
31,
12,
41,
18,
39,
26,
18,
18,
66,
18,
10,
15,
36,
34,
12,
19,
32,
60,
18,
18,
19,
17,
17,
28,
61,
26,
10,
10,
30,
18,
14,
31,
58,
17,
18,
34,
28,
42,
10,
42,
10,
24,
38,
120,
33,
20,
41,
10,
18,
23,
18,
15,
39,
31,
43,
37,
17,
10,
49,
10,
18,
18,
29,
19,
26,
18,
27,
18,
17,
16,
16,
18,
17,
53,
4,
18,
22,
15,
10,
18,
18,
19,
57,
64,
42,
12,
10,
12,
26,
20,
23,
47,
54,
45,
18,
38,
34,
20,
24,
24,
8,
33,
24,
28,
18,
16,
30,
28,
39,
26,
10,
11,
46,
53,
33,
64,
10,
25,
20,
12,
26,
10,
18,
18,
31,
24,
91,
25,
31,
41,
19,
57,
19,
34,
34,
76,
32,
62,
43,
25,
17,
26,
26,
9,
18,
31,
52,
34,
34,
81,
34,
18,
42,
19,
14,
97,
32,
18,
63,
17,
61,
21,
26,
30,
9,
26,
27,
10,
26,
20,
23,
60,
36,
34,
26,
10,
12,
11,
18,
28,
53,
18,
10,
10,
20,
23,
27,
31,
92,
52,
42,
26,
30,
54,
23,
10,
18,
29,
21,
26,
36,
18,
27,
28,
10,
26,
26,
18,
14,
22,
43,
70,
75,
51,
36,
7,
10,
32,
9,
57,
23,
26,
29,
19,
22,
25,
19,
31,
10,
7,
22,
38,
16,
40,
40,
18,
46,
15,
34,
33,
21,
10,
30,
39,
34,
31,
20,
67,
21,
18,
25,
18,
34,
31,
25,
22,
22,
10,
30,
18,
36,
10,
10,
18,
58,
38,
18,
10,
10,
25,
33,
17,
13,
51,
18,
27,
44,
56,
22,
30,
55,
44,
30,
66,
82,
38,
35,
26,
58,
46,
43,
27,
30,
34,
42,
44,
25,
10,
10,
43,
10,
28,
39,
26,
62,
18,
18,
10,
18,
18,
26,
37,
19,
10,
39,
12,
9,
10,
18,
18,
34,
30,
34,
24,
10,
10,
18,
34,
55,
48,
12,
34,
22,
27,
39,
10,
9,
74,
45,
20,
26,
9,
38,
45,
24,
34,
55,
41,
35,
69,
27,
39,
25,
109,
26,
45,
18,
13,
17,
18,
31,
18,
10,
34,
31,
18,
34,
18,
34,
38,
43,
43,
13,
54,
35,
44,
35,
34,
43,
18,
57,
23,
21,
3,
23,
44,
31,
47,
25,
29,
26,
26,
47,
58,
79,
26,
30,
28,
31,
31,
75,
16,
33,
17,
62,
31,
19,
28,
26,
26,
27,
24,
45,
28,
25,
46,
25,
40,
29,
21,
12,
14,
21,
12,
15,
67,
34,
100,
19,
60,
56,
12,
52,
39,
34,
17,
71,
87,
38,
25,
28,
10,
33,
30,
30,
15,
33,
25,
18,
26,
31,
15,
30,
23,
105,
30,
103,
55,
27,
65,
19,
42,
23,
18,
10,
68,
89,
31,
51,
17,
39,
24,
28,
39,
36,
25,
19,
31,
50,
17,
18,
26,
35,
67,
43,
26,
38,
23,
26,
19,
29,
22,
39,
22,
86,
22,
44,
32,
31,
32,
67,
134,
31,
50,
98,
80,
143,
26,
47,
19,
14,
26,
18,
48,
28,
16,
26,
16,
27,
16,
26,
25,
10,
10,
9,
24,
44,
15,
10,
10,
10,
31,
18,
52,
20,
26,
36,
30,
30,
18,
26,
22,
25,
9,
9,
27,
60,
55,
41,
47,
41,
40,
33,
50,
26,
40,
15,
35,
31,
38,
33,
25,
33,
32,
27,
33,
41,
45,
14,
17,
17,
18,
18,
30,
17,
17,
10,
75,
11,
20,
18,
10,
18,
23,
26,
10,
43,
35,
41,
48,
34,
18,
49,
10,
51,
41,
20,
16,
41,
44,
34,
44,
15,
20,
27,
32,
23,
28,
18,
53,
47,
41,
39,
34,
27,
43,
44,
31,
62,
44,
36,
10,
46,
24,
39,
105,
46,
35,
41,
10,
23,
34,
18,
18,
65,
26,
50,
30,
18,
23,
27,
26,
18,
10,
41,
33,
33,
5,
36,
18,
52,
30,
14,
18,
18,
32,
35,
34,
10,
10,
43,
30,
26,
51,
27,
24,
26,
21,
26,
26,
63,
40,
42,
41,
10,
19,
18,
18,
25,
17,
50,
37,
41,
47,
18,
36,
63,
42,
50,
34,
42,
24,
40,
25,
29,
72,
42,
50,
25,
15,
32,
9,
9,
11,
31,
46,
33,
33,
23,
41,
22,
30,
18,
10,
21,
34,
15,
18,
18,
18,
18,
36,
18,
22,
22,
30,
25,
28,
35,
63,
11,
26,
81,
136,
41,
45,
138,
28,
19,
28,
27,
18,
53,
33,
45,
22,
28,
60,
18,
43,
19,
78,
67,
17,
26,
18,
37,
18,
9,
22,
35,
18,
18,
43,
9,
21,
29,
10,
24,
22,
30,
29,
15,
34,
10,
34,
33,
49,
24,
17,
17,
53,
18,
17,
49,
21,
38,
43,
18,
111,
18,
110,
66,
48,
52,
18,
30,
16,
35,
38,
10,
16,
26,
9,
9,
17,
38,
9,
17,
39,
32,
34,
76,
42,
17,
33,
10,
44,
51,
18,
26,
18,
46,
42,
43,
38,
17,
16,
43,
43,
39,
60,
16,
40,
16,
26,
20,
17,
46,
37,
46,
10,
26,
45,
42,
45,
49,
26,
41,
51,
36,
25,
32,
69,
41,
40,
17,
62,
23,
40,
23,
26,
39,
41,
40,
51,
33,
29,
20,
16,
17,
35,
32,
39,
32,
31,
10,
9,
42,
10,
31,
17,
46,
37,
10,
23,
11,
34,
10,
34,
48,
25,
15,
128,
52,
43,
27,
26,
18,
18,
18,
14,
28,
23,
20,
31,
27,
39,
35,
10,
35,
23,
25,
10,
57,
63,
18,
47,
23,
44,
40,
36,
34,
50,
43,
18,
38,
18,
9,
39,
43,
10,
39,
33,
43,
44,
18,
39,
21,
42,
40,
10,
38,
19,
26,
37,
36,
42,
18,
18,
39,
11,
44,
18,
98,
19,
49,
32,
76,
63,
86,
47,
45,
41,
42,
27,
50,
34,
31,
40,
39,
57,
11,
50,
90,
38,
18,
25,
44,
39,
26,
26,
25,
22,
39,
63,
37,
57,
15,
31,
31,
48,
10,
11,
8,
19,
23,
25,
22,
94,
41,
16,
10,
4,
17,
18,
13,
16,
16,
20,
32,
7,
85,
53,
98,
110,
14,
85,
13,
28,
87,
59,
10,
22,
23,
22,
13,
39,
49,
27,
15,
56,
16,
13,
12,
14,
22,
7,
19,
14,
16,
145,
8,
9,
9,
68,
26,
65,
31,
9,
27,
56,
95,
9,
42,
20,
21,
137,
4,
61,
111,
12,
9,
3,
19,
61,
34,
11,
5,
20,
27,
83,
29,
20,
50,
40,
14,
113,
11,
15,
3,
12,
26,
44,
7,
38,
21,
16,
36,
44,
35,
21,
49,
41,
20,
21,
29,
79,
5,
18,
14,
16,
25,
15,
11,
50,
87,
111,
43,
14,
29,
19,
139,
19,
88,
21,
51,
98,
15,
7,
18,
52,
29,
34,
35,
19,
9,
9,
9,
27,
38,
37,
9,
83,
36,
27,
17,
38,
13,
58,
10,
23,
10,
41,
18,
10,
55,
26,
58,
48,
42,
10,
18,
29,
61,
10,
26,
24,
32,
32,
18,
47,
9,
25,
28,
74,
32,
17,
125,
17,
9,
10,
25,
21,
10,
32,
26,
26,
9,
21,
35,
10,
18,
37,
26,
10,
17,
10,
15,
53,
25,
22,
53,
30,
25,
90,
30,
35,
17,
76,
69,
35,
21,
29,
18,
15,
10,
46,
54,
90,
48,
34,
85,
32,
25,
21,
31,
67,
17,
26,
10,
10,
31,
103,
18,
10,
49,
77,
27,
26,
80,
80,
34,
23,
5,
61,
18,
18,
37,
11,
106,
27,
40,
34,
18,
18,
10,
17,
61,
32,
20,
42,
53,
66,
26,
71,
59,
123,
24,
4,
104,
31,
33,
27,
26,
26,
30,
25,
39,
19,
41,
34,
46,
19,
17,
21,
25,
42,
33,
34,
38,
17,
18,
62,
25,
25,
18,
50,
44,
4,
33,
9,
9,
34,
60,
71,
17,
52,
83,
38,
15,
10,
45,
7,
29,
20,
26,
10,
10,
14,
17,
32,
28,
23,
38,
6,
36,
22,
26,
42,
28,
17,
10,
27,
75,
10,
35,
18,
26,
26,
39,
4,
26,
23,
30,
49,
7,
27,
28,
9,
7,
11,
31,
46,
25,
40,
17,
60,
31,
25,
29,
30,
59,
51,
28,
15,
18,
36,
42,
42,
42,
26,
25,
38,
15,
48,
10,
3,
70,
38,
25,
34,
31,
26,
31,
23,
22,
27,
10,
25,
21,
17,
26,
26,
30,
24,
23,
7,
25,
10,
18,
38,
26,
21,
29,
18,
18,
10,
10,
13,
38,
26,
10,
36,
35,
35,
71,
34,
18,
20,
35,
17,
37,
12,
18,
39,
27,
34,
15,
10,
17,
3,
10,
18,
18,
53,
24,
34,
32,
30,
51,
31,
39,
18,
38,
47,
64,
31,
44,
18,
64,
12,
31,
38,
40,
11,
27,
42,
43,
39,
32,
25,
10,
31,
39,
42,
130,
42,
60,
30,
32,
15,
38,
10,
30,
26,
41,
26,
18,
43,
20,
40,
33,
23,
18,
26,
18,
32,
32,
55,
3,
31,
26,
9,
43,
51,
34,
40,
46,
15,
19,
3,
22,
23,
28,
26,
41,
42,
52,
41,
17,
14,
31,
14,
10,
37,
41,
42,
105,
34,
3,
31,
37,
29,
18,
48,
16,
46,
35,
49,
26,
63,
26,
42,
60,
91,
16,
6,
40,
37,
43,
15,
3,
42,
31,
33,
42,
31,
24,
46,
36,
10,
15,
30,
39,
44,
38,
8,
20,
35,
19,
18,
34,
38,
11,
23,
14,
41,
9,
22,
10,
28,
25,
22,
17,
10,
13,
17,
10,
3,
32,
42,
15,
17,
37,
17,
25,
46,
3,
43,
42,
33,
42,
32,
23,
11,
36,
44,
31,
25,
34,
34,
29,
5,
10,
26,
34,
17,
34,
14,
19,
18,
19,
18,
45,
41,
33,
22,
35,
21,
22,
3,
27,
39,
46,
9,
23,
42,
39,
57,
41,
46,
37,
3,
26,
26,
44,
18,
43,
39,
10,
27,
44,
18,
30,
23,
34,
46,
19,
31,
34,
48,
35,
53,
45,
42,
31,
46,
18,
25,
26,
37,
22,
33,
45,
34,
58,
44,
44,
32,
76,
30,
23,
40,
5,
40,
10,
34,
3,
42,
43,
41,
40,
35,
3,
11,
15,
40,
34,
40,
34,
42,
51,
37,
30,
46,
47,
3,
30,
42,
52,
26,
41,
18,
46,
23,
26,
26,
10,
37,
35,
42,
10,
8,
3,
4,
99,
132,
23,
7,
114,
38,
11,
91,
54,
42,
49,
83,
21,
27,
35,
97,
26,
8,
13,
15,
14,
7,
8,
8,
4,
12,
8,
59,
10,
60,
119,
43,
42,
63,
34,
52,
51,
47,
93,
147,
24,
92,
40,
107,
42,
34,
102,
42,
6,
22,
27,
67,
41,
27,
38,
25,
25,
47,
13,
82,
46,
16,
5,
64,
93,
140,
14,
45,
31,
25,
79,
3,
63,
19,
11,
11,
13,
129,
63,
19,
22,
21,
10,
3,
58,
4,
79,
48,
124,
10,
73,
44,
12,
11,
15,
69,
45,
15,
24,
75,
72,
7,
5,
19,
22,
84,
50,
14,
39,
31,
14,
41,
43,
40,
66,
14,
88,
27,
34,
29,
13,
25,
22,
30,
16,
31,
19,
39,
64,
3,
37,
52,
13,
8,
17,
60,
26,
82,
25,
101,
33,
43,
25,
8,
84,
3,
46,
118,
14,
10,
26,
36,
62,
16,
5,
4,
6,
3,
23,
10,
13,
37,
76,
19,
25,
7,
12,
108,
96,
54,
123,
59,
42,
96,
112,
62,
58,
70,
22,
21,
22,
12,
18,
91,
52,
89,
20,
76,
31,
39,
51,
45,
20,
50,
6,
44,
42,
87,
57,
47,
54,
27,
11,
34,
9,
10,
3,
3,
19,
3,
20,
5,
3,
4,
34,
77,
21,
14,
11,
11,
13,
12,
16,
59,
70,
17,
3,
26,
4,
25,
3,
16,
11,
19,
17,
121,
23,
45,
36,
46,
23,
36,
18,
17,
26,
117,
29,
102,
28,
17,
15,
41,
29,
37,
22,
15,
22,
26,
26,
4,
18,
10,
4,
4,
11,
20,
3,
33,
28,
14,
10,
18,
10,
53,
31,
16,
38,
10,
8,
29,
41,
30,
4,
31,
27,
13,
19,
20,
3,
21,
41,
36,
18,
11,
10,
4,
48,
17,
25,
18,
48,
19,
19,
20,
11,
18,
27,
19,
19,
5,
19,
13,
105,
47,
18,
29,
21,
10,
55,
15,
4,
136,
19,
29,
23,
15,
30,
76,
56,
67,
70,
108,
29,
60,
29,
148,
24,
36,
38,
50,
19,
23,
60,
23,
28,
43,
49,
11,
18,
101,
9,
4,
8,
4,
16,
11,
15,
19,
28,
7,
35,
106,
9,
25,
40,
21,
43,
40,
24,
22,
9,
32,
57,
25,
35,
28,
59,
12,
128,
26,
25,
13,
15,
17,
9,
37,
19,
25,
9,
22,
16,
8,
8,
31,
18,
65,
59,
10,
13,
11,
12,
10,
61,
76,
145,
22,
83,
10,
14,
112,
77,
58,
90,
85,
95,
147,
43,
42,
23,
26,
100,
24,
28,
26,
25,
21,
20,
7,
11,
18,
21,
21,
34,
67,
26,
4,
15,
7,
82,
14,
21,
15,
52,
46,
41,
50,
28,
53,
9,
28,
75,
17,
3,
9,
31,
12,
9,
17,
3,
18,
23,
9,
16,
5,
17,
96,
63,
24,
25,
42,
12,
149,
5,
6,
11,
15,
5,
3,
3,
26,
3,
8,
6,
8,
3,
17,
12,
14,
22,
3,
8,
14,
15,
9,
3,
108,
27,
8,
15,
105,
67,
19,
142,
62,
13,
21,
8,
5,
8,
54,
53,
4,
47,
86,
5,
5,
4,
3,
3,
4,
3,
4,
4,
4,
4,
6,
3,
4,
6,
112,
13,
22,
33,
13,
24,
55,
47,
142,
10,
9,
32,
7,
68,
26,
36,
147,
10,
11,
30,
46,
42,
14,
49,
11,
8,
11,
24,
9,
12,
6,
11,
20,
22,
34,
65,
20,
6,
61,
27,
24,
11,
7,
32,
12,
9,
9,
5,
17,
9,
14,
27,
10,
26,
13,
22,
17,
35,
19,
10,
51,
27,
87,
6,
8,
20,
40,
47,
58,
13,
15,
146,
21,
24,
23,
37,
59,
68,
21,
14,
8,
4,
19,
45,
14,
21,
43,
21,
77,
10,
10,
9,
4,
5,
25,
10,
10,
25,
47,
10,
20,
9,
19,
21,
24,
56,
42,
26,
9,
54,
24,
41,
10,
10,
55,
41,
71,
22,
33,
31,
11,
15,
32,
19,
16,
34,
70,
70,
60,
4,
64,
24,
39,
14,
43,
5,
25,
10,
28,
22,
73,
6,
7,
7,
18,
13,
13,
81,
21,
18,
47,
6,
15,
9,
24,
58,
25,
16,
12,
21,
14,
11,
23,
14,
9,
15,
52,
14,
106,
17,
14,
23,
8,
12,
7,
9,
17,
14,
15,
17,
8,
21,
22,
10,
8,
3,
10,
9,
33,
18,
18,
48,
10,
10,
10,
10,
10,
16,
10,
11,
8,
18,
18,
18,
18,
18,
18,
18,
16,
10,
10,
10,
11,
14,
18,
10,
18,
18,
24,
33,
10,
18,
10,
10,
18,
8,
4,
10,
10,
10,
18,
42,
11,
7,
3,
108,
25,
54,
45,
17,
14,
18,
22,
39,
11,
20,
3,
35,
69,
34,
45,
59,
37,
40,
8,
10,
24,
11,
13,
10,
9,
8,
6,
18,
4,
18,
18,
10,
10,
10,
16,
11,
116,
26,
10,
18,
19,
20,
26,
24,
42,
11,
54,
47,
32,
26,
24,
16,
10,
10,
10,
10,
10,
10,
10,
10,
10,
12,
47,
54,
18,
10,
8,
4,
4,
10,
19,
11,
10,
8,
7,
4,
10,
10,
34,
11,
3,
9,
10,
5,
15,
18,
26,
9,
9,
3,
3,
4,
3,
12,
18,
36,
18,
10,
24,
58,
15,
10,
28,
10,
10,
10,
10,
10,
10,
10,
10,
8,
9,
9,
18,
26,
18,
10,
18,
8,
3,
12,
25,
26,
40,
36,
60,
26,
27,
18,
10,
22,
4,
16,
16,
21,
10,
10,
26,
18,
45,
25,
41,
25,
10,
26,
33,
43,
4,
46,
24,
10,
27,
16,
10,
10,
17,
24,
18,
33,
21,
24,
22,
8,
7,
13,
23,
29,
10,
16,
16,
10,
20,
29,
30,
37,
28,
15,
10,
10,
10,
10,
50,
35,
24,
34,
19,
26,
19,
10,
10,
10,
15,
23,
31,
18,
18,
40,
17,
9,
37,
9,
12,
20,
6,
30,
44,
17,
63,
27,
37,
79,
10,
16,
18,
9,
84,
21,
43,
20,
19,
22,
13,
15,
19,
18,
18,
18,
26,
19,
26,
49,
18,
10,
32,
25,
30,
33,
22,
17,
21,
16,
18,
27,
24,
21,
16,
15,
10,
8,
10,
11,
7,
7,
7,
21,
13,
18,
22,
10,
27,
26,
10,
3,
7,
18,
10,
18,
10,
10,
16,
11,
11,
16,
19,
18,
10,
11,
15,
7,
18,
10,
18,
19,
18,
11,
9,
10,
3,
12,
24,
18,
17,
34,
26,
10,
19,
10,
26,
26,
10,
18,
16,
16,
12,
26,
10,
32,
30,
16,
16,
8,
10,
19,
37,
40,
26,
25,
44,
17,
18,
10,
17,
41,
18,
42,
22,
10,
30,
21,
10,
10,
4,
22,
10,
15,
15,
27,
20,
35,
35,
18,
18,
18,
18,
11,
10,
10,
10,
18,
27,
24,
21,
35,
32,
6,
36,
18,
18,
94,
39,
37,
10,
10,
10,
10,
10,
8,
10,
43,
10,
36,
25,
23,
45,
40,
29,
9,
10,
40,
10,
9,
16,
10,
10,
10,
10,
8,
27,
21,
9,
69,
18,
32,
7,
4,
16,
34,
21,
9,
13,
23,
16,
58,
46,
26,
60,
20,
8,
70,
86,
57,
15,
27,
86,
44,
3,
26,
36,
43,
11,
27,
15,
23,
15,
48,
49,
67,
76,
35,
110,
46,
32,
82,
130,
35,
20,
33,
63,
18,
14,
34,
9,
11,
19,
27,
30,
14,
24,
14,
10,
15,
7,
21,
8,
28,
17,
15,
19,
9,
8,
5,
3,
19,
9,
47,
40,
13,
17,
23,
16,
47,
17,
9,
11,
73,
31,
14,
24,
16,
21,
27,
25,
49,
45,
17,
16,
20,
13,
22,
6,
23,
10,
10,
10,
42,
25,
35,
27,
34,
47,
49,
30,
22,
15,
16,
8,
20,
35,
20,
16,
21,
8,
21,
21,
53,
8,
22,
9,
42,
8,
15,
6,
7,
3,
48,
24,
30,
35,
25,
15,
18,
17,
17,
26,
27,
11,
10,
41,
27,
19,
35,
48,
33,
79,
12,
103,
34,
34,
27,
25,
21,
16,
10,
9,
16,
13,
25,
18,
26,
18,
10,
18,
19,
19,
39,
10,
25,
34,
49,
34,
50,
33,
23,
10,
27,
34,
149,
35,
33,
15,
18,
42,
63,
10,
35,
10,
18,
9,
26,
19,
12,
26,
18,
10,
44,
18,
17,
10,
9,
18,
21,
18,
19,
5,
15,
10,
13,
117,
22,
58,
58,
51,
12,
52,
27,
7,
6,
12,
23,
47,
6,
24,
19,
6,
11,
8,
38,
29,
18,
34,
44,
48,
25,
24,
102,
25,
30,
31,
3,
8,
19,
137,
50,
24,
25,
31,
33,
35,
15,
8,
64,
27,
75,
59,
12,
11,
38,
15,
80,
28,
39,
66,
45,
45,
90,
49,
25,
55,
18,
63,
82,
15,
35,
19,
42,
23,
104,
33,
56,
24,
37,
29,
20,
111,
19,
29,
65,
17,
24,
95,
28,
24,
126,
88,
36,
29,
138,
41,
39,
18,
50,
47,
20,
8,
3,
19,
14,
27,
29,
88,
12,
14,
22,
9,
83,
25,
33,
51,
22,
13,
36,
35,
15,
11,
9,
35,
139,
24,
15,
14,
26,
17,
32,
4,
12,
31,
11,
20,
72,
60,
36,
55,
29,
33,
34,
3,
55,
23,
15,
12,
3,
16,
9,
15,
45,
15,
17,
74,
25,
17,
11,
17,
42,
19,
17,
32,
112,
61,
46,
34,
26,
26,
40,
37,
36,
11,
124,
8,
4,
24,
29,
10,
19,
14,
28,
27,
46,
43,
25,
21,
20,
41,
47,
38,
50,
91,
35,
41,
40,
27,
14,
37,
71,
61,
33,
10,
10,
18,
21,
12,
41,
46,
41,
13,
10,
14,
15,
21,
34,
107,
17,
35,
26,
68,
57,
27,
23,
31,
91,
55,
10,
21,
35,
16,
44,
14,
64,
9,
25,
28,
32,
33,
64,
39,
10,
34,
29,
26,
26,
6,
41,
34,
25,
17,
48,
26,
19,
37,
23,
18,
62,
20,
31,
18,
34,
19,
9,
24,
58,
37,
35,
26,
24,
8,
48,
10,
25,
9,
11,
18,
18,
34,
32,
22,
45,
23,
21,
27,
35,
72,
25,
91,
63,
29,
27,
56,
33,
29,
18,
27,
43,
55,
64,
64,
57,
61,
34,
18,
22,
42,
16,
39,
31,
32,
8,
15,
10,
25,
18,
59,
43,
78,
67,
18,
10,
22,
57,
39,
17,
9,
41,
21,
42,
42,
18,
32,
10,
32,
16,
19,
86,
52,
39,
17,
55,
26,
10,
19,
12,
58,
40,
28,
38,
26,
18,
27,
4,
18,
26,
36,
18,
20,
18,
51,
42,
26,
18,
28,
40,
53,
18,
26,
39,
15,
50,
30,
19,
42,
30,
31,
18,
35,
28,
19,
31,
23,
34,
18,
41,
10,
17,
11,
8,
26,
25,
37,
26,
18,
9,
24,
19,
10,
20,
50,
22,
18,
44,
33,
26,
53,
34,
25,
9,
19,
10,
10,
10,
39,
32,
8,
10,
7,
31,
18,
18,
42,
18,
18,
10,
27,
22,
56,
18,
24,
34,
23,
10,
10,
33,
27,
25,
27,
20,
18,
26,
10,
12,
30,
28,
16,
12,
65,
10,
24,
12,
28,
31,
35,
103,
23,
9,
18,
34,
19,
9,
42,
25,
10,
26,
34,
8,
33,
22,
34,
14,
18,
18,
23,
18,
18,
24,
25,
24,
14,
14,
10,
22,
11,
10,
26,
26,
10,
33,
10,
12,
24,
18,
19,
32,
22,
33,
26,
18,
36,
50,
25,
18,
15,
9,
18,
23,
22,
23,
3,
29,
18,
36,
11,
10,
18,
31,
23,
14,
25,
68,
77,
26,
39,
17,
14,
4,
30,
26,
32,
27,
24,
10,
35,
39,
10,
32,
22,
10,
18,
36,
49,
35,
18,
70,
30,
34,
35,
21,
38,
18,
4,
10,
83,
32,
32,
17,
3,
10,
18,
46,
102,
10,
10,
96,
71,
10,
74,
34,
18,
24,
94,
33,
68,
15,
28,
10,
30,
63,
27,
72,
41,
76,
19,
33,
18,
10,
10,
4,
37,
18,
19,
33,
17,
19,
83,
25,
16,
40,
23,
23,
91,
27,
8,
56,
4,
32,
10,
24,
10,
14,
10,
10,
40,
24,
111,
26,
40,
53,
20,
9,
23,
10,
19,
17,
10,
10,
25,
22,
10,
17,
58,
55,
24,
26,
17,
9,
23,
24,
53,
34,
26,
39,
28,
10,
53,
10,
48,
10,
26,
7,
13,
9,
39,
26,
16,
18,
72,
46,
28,
17,
34,
46,
18,
10,
18,
27,
26,
10,
20,
20,
25,
7,
11,
46,
58,
33,
28,
28,
20,
34,
39,
64,
40,
27,
10,
10,
14,
19,
18,
18,
26,
17,
23,
18,
10,
10,
25,
10,
11,
12,
22,
31,
10,
12,
17,
9,
44,
28,
31,
33,
17,
91,
42,
25,
41,
10,
19,
84,
18,
39,
19,
9,
27,
16,
4,
32,
10,
26,
26,
15,
33,
12,
18,
32,
11,
12,
26,
27,
24,
18,
40,
40,
55,
25,
22,
4,
32,
56,
16,
9,
38,
16,
36,
38,
29,
34,
39,
39,
23,
16,
26,
16,
28,
30,
13,
19,
18,
10,
10,
33,
17,
23,
34,
10,
11,
16,
11,
32,
17,
16,
10,
17,
10,
10,
26,
22,
41,
23,
18,
23,
4,
10,
22,
11,
10,
9,
3,
12,
12,
85,
30,
4,
8,
4,
8,
8,
9,
7,
24,
12,
10,
27,
25,
10,
16,
32,
45,
3,
34,
12,
18,
18,
34,
26,
10,
21,
10,
20,
10,
29,
32,
59,
10,
26,
15,
3,
6,
56,
10,
21,
37,
24,
99,
85,
66,
4,
10,
10,
27,
13,
23,
25,
52,
19,
18,
45,
54,
25,
26,
33,
14,
17,
20,
35,
56,
34,
32,
21,
10,
10,
10,
30,
18,
19,
37,
10,
13,
19,
18,
41,
24,
30,
27,
32,
25,
34,
34,
3,
39,
27,
18,
39,
11,
32,
18,
18,
16,
11,
9,
12,
26,
19,
28,
33,
14,
26,
25,
31,
24,
18,
19,
19,
89,
47,
15,
41,
35,
18,
8,
48,
16,
21,
33,
17,
11,
17,
35,
23,
16,
16,
38,
22,
9,
12,
11,
10,
7,
35,
34,
30,
19,
27,
14,
9,
43,
20,
36,
38,
42,
10,
28,
41,
18,
33,
29,
23,
9,
18,
18,
12,
83,
23,
14,
22,
10,
12,
24,
5,
19,
18,
33,
34,
38,
11,
48,
31,
31,
18,
15,
10,
18,
81,
15,
26,
10,
29,
18,
10,
37,
59,
93,
18,
18,
18,
40,
22,
24,
27,
42,
18,
17,
15,
3,
9,
21,
16,
10,
14,
63,
31,
21,
13,
34,
68,
21,
10,
22,
14,
10,
19,
41,
15,
22,
23,
24,
19,
59,
18,
40,
26,
52,
16,
5,
4,
9,
15,
49,
12,
8,
16,
26,
24,
42,
24,
12,
18,
36,
13,
23,
37,
48,
6,
47,
30,
7,
23,
60,
34,
43,
18,
35,
75,
24,
4,
10,
28,
10,
18,
14,
38,
69,
43,
61,
10,
90,
23,
29,
29,
26,
10,
14,
18,
50,
8,
67,
20,
55,
27,
84,
33,
6,
6,
6,
6,
8,
10,
6,
8,
4,
21,
7,
9,
11,
32,
14,
13,
12,
10,
8,
14,
8,
14,
9,
8,
13,
8,
8,
8,
8,
12,
8,
8,
9,
3,
119,
8,
21,
67,
51,
41,
31,
18,
9,
9,
30,
47,
40,
108,
33,
52,
24,
47,
76,
81,
74,
47,
104,
88,
26,
10,
27,
30,
19,
28,
47,
31,
70,
8,
38,
32,
31,
17,
21,
3,
26,
28,
18,
15,
23,
22,
15,
33,
24,
23,
28,
32,
109,
144,
34,
3,
15,
7,
18,
21,
23,
16,
14,
24,
7,
9,
33,
104,
21,
15,
3,
43,
3,
24,
23,
27,
23,
30,
52,
20,
23,
12,
27,
48,
17,
14,
16,
121,
26,
41,
25,
41,
89,
82,
20,
12,
36,
25,
32,
8,
21,
20,
26,
33,
28,
37,
68,
43,
40,
44,
39,
22,
14,
22,
8,
123,
27,
22,
9,
128,
46,
31,
30,
24,
126,
44,
32,
40,
22,
20,
20,
32,
65,
38,
26,
53,
24,
30,
35,
61,
4,
44,
30,
20,
39,
49,
34,
25,
17,
25,
30,
40,
37,
18,
9,
13,
27,
42,
42,
41,
27,
23,
41,
18,
18,
12,
10,
13,
25,
37,
42,
49,
34,
20,
34,
56,
30,
10,
16,
25,
30,
37,
34,
46,
45,
30,
27,
43,
44,
91,
44,
26,
36,
33,
42,
42,
41,
35,
43,
18,
30,
28,
30,
21,
5,
10,
13,
28,
16,
34,
43,
26,
8,
19,
28,
6,
37,
53,
54,
42,
84,
47,
41,
42,
27,
27,
44,
36,
17,
58,
42,
28,
41,
35,
38,
28,
26,
27,
34,
22,
29,
36,
39,
64,
44,
94,
47,
22,
51,
50,
34,
38,
32,
3,
6,
22,
13,
28,
34,
25,
42,
26,
45,
3,
31,
45,
40,
40,
48,
25,
14,
11,
25,
42,
42,
42,
34,
59,
13,
3,
128,
129,
13,
120,
77,
25,
34,
9,
32,
78,
23,
9,
33,
26,
47,
52,
109,
33,
81,
22,
19,
18,
38,
72,
23,
17,
10,
23,
19,
17,
17,
14,
23,
61,
87,
39,
54,
20,
77,
87,
44,
13,
58,
23,
27,
14,
34,
39,
22,
53,
24,
92,
4,
62,
27,
15,
31,
21,
9,
9,
41,
39,
66,
67,
55,
49,
25,
23,
9,
55,
139,
82,
31,
91,
25,
37,
49,
54,
102,
3,
76,
106,
30,
21,
19,
43,
123,
39,
73,
19,
32,
28,
46,
50,
75,
64,
113,
54,
27,
49,
53,
27,
31,
48,
34,
122,
40,
69,
67,
57,
49,
44,
34,
87,
16,
52,
16,
10,
8,
9,
20,
5,
12,
127,
56,
26,
30,
15,
44,
11,
115,
18,
42,
34,
71,
48,
13,
75,
54,
73,
33,
32,
35,
39,
68,
30,
43,
85,
26,
33,
37,
30,
43,
12,
43,
37,
40,
42,
31,
13,
21,
18,
8,
6,
4,
50,
16,
6,
101,
13,
25,
20,
18,
15,
18,
79,
14,
4,
46,
90,
23,
24,
59,
58,
16,
3,
50,
52,
17,
4,
31,
42,
22,
140,
42,
12,
69,
29,
38,
6,
24,
14,
56,
28,
38,
15,
85,
83,
24,
47,
125,
92,
21,
62,
92,
25,
40,
52,
9,
114,
36,
85,
34,
15,
13,
33,
21,
29,
46,
16,
24,
22,
33,
14,
30,
23,
52,
72,
50,
148,
9,
74,
15,
56,
15,
60,
26,
32,
16,
65,
23,
25,
33,
15,
29,
33,
15,
17,
17,
13,
48,
58,
15,
74,
33,
28,
56,
27,
48,
52,
15,
21,
35,
31,
31,
38,
62,
19,
27,
15,
25,
79,
3,
38,
23,
75,
25,
9,
22,
23,
16,
43,
8,
9,
17,
23,
23,
45,
46,
43,
39,
27,
21,
145,
18,
25,
55,
23,
18,
10,
26,
43,
72,
53,
15,
38,
129,
29,
42,
30,
69,
22,
89,
26,
18,
38,
34,
32,
92,
32,
26,
30,
18,
48,
25,
18,
18,
131,
18,
92,
10,
31,
31,
60,
46,
18,
34,
137,
51,
7,
19,
12,
18,
12,
10,
48,
25,
33,
32,
43,
32,
48,
35,
42,
41,
4,
30,
28,
12,
11,
12,
30,
25,
17,
29,
9,
52,
16,
26,
28,
18,
42,
18,
26,
58,
71,
21,
12,
27,
37,
36,
6,
133,
58,
38,
93,
39,
92,
48,
28,
24,
14,
52,
77,
17,
10,
51,
17,
70,
38,
63,
137,
9,
38,
20,
55,
50,
90,
63,
35,
50,
23,
43,
17,
61,
22,
43,
20,
10,
10,
43,
23,
16,
50,
40,
20,
35,
112,
56,
7,
23,
8,
9,
34,
3,
14,
37,
61,
3,
28,
22,
34,
12,
20,
26,
5,
10,
17,
12,
77,
18,
36,
49,
53,
39,
20,
48,
42,
55,
34,
17,
42,
45,
20,
16,
50,
26,
30,
16,
30,
10,
26,
20,
18,
10,
32,
18,
18,
61,
45,
10,
52,
34,
70,
18,
26,
33,
18,
12,
18,
10,
32,
30,
15,
20,
18,
10,
17,
34,
30,
34,
31,
119,
22,
25,
26,
84,
18,
40,
56,
39,
33,
18,
18,
18,
19,
26,
27,
5,
33,
84,
14,
36,
48,
30,
26,
24,
11,
38,
41,
86,
38,
26,
32,
30,
42,
25,
66,
35,
42,
56,
62,
67,
15,
21,
12,
28,
120,
32,
59,
21,
23,
3,
26,
39,
11,
32,
48,
122,
20,
21,
9,
28,
34,
25,
28,
3,
38,
20,
55,
92,
23,
148,
101,
115,
40,
23,
21,
3,
28,
9,
26,
56,
17,
21,
9,
19,
11,
44,
46,
25,
3,
36,
43,
34,
30,
3,
66,
8,
16,
48,
38,
83,
10,
16,
35,
6,
79,
44,
10,
18,
18,
10,
17,
6,
4,
12,
4,
26,
39,
22,
107,
58,
32,
24,
18,
18,
10,
10,
27,
38,
46,
18,
11,
10,
41,
9,
9,
18,
27,
10,
18,
39,
94,
26,
9,
32,
4,
34,
10,
14,
72,
141,
19,
90,
5,
3,
103,
30,
16,
35,
105,
17,
19,
13,
15,
96,
8,
13,
94,
22,
17,
8,
129,
9,
14,
96,
27,
9,
3,
12,
22,
122,
25,
16,
9,
9,
41,
21,
15,
20,
3,
20,
9,
3,
22,
8,
9,
3,
8,
22,
15,
15,
16,
61,
15,
32,
147,
14,
15,
9,
9,
20,
43,
30,
17,
12,
3,
8,
78,
21,
132,
19,
15,
11,
27,
7,
32,
18,
22,
35,
16,
21,
48,
14,
28,
68,
41,
3,
31,
14,
42,
19,
104,
33,
130,
47,
34,
33,
36,
9,
6,
14,
15,
104,
11,
27,
23,
8,
10,
12,
14,
9,
19,
16,
21,
29,
3,
10,
3,
20,
3,
8,
3,
11,
8,
13,
51,
22,
15,
15,
3,
38,
24,
32,
68,
40,
21,
7,
9,
16,
7,
26,
3,
6,
28,
14,
15,
14,
10,
3,
28,
9,
18,
5,
38,
8,
58,
15,
31,
26,
10,
14,
53,
25,
4,
15,
8,
15,
3,
90,
87,
13,
21,
8,
21,
31,
28,
9,
29,
68,
85,
30,
42,
20,
45,
55,
11,
9,
10,
8,
89,
6,
16,
19,
14,
14,
12,
26,
13,
36,
23,
19,
18,
30,
42,
33,
36,
23,
20,
27,
11,
15,
83,
8,
58,
55,
24,
3,
18,
35,
27,
135,
42,
30,
40,
115,
30,
29,
62,
15,
20,
42,
30,
31,
11,
78,
10,
30,
32,
71,
17,
16,
131,
62,
18,
24,
85,
28,
34,
37,
64,
27,
48,
62,
26,
36,
5,
20,
59,
38,
31,
35,
130,
59,
84,
133,
46,
77,
39,
7,
127,
44,
54,
76,
55,
53,
66,
70,
33,
108,
101,
85,
97,
83,
21,
9,
20,
28,
47,
4,
141,
29,
17,
100,
27,
68,
16,
12,
52,
70,
42,
3,
11,
105,
118,
35,
15,
34,
53,
10,
19,
15,
27,
10,
27,
11,
25,
66,
77,
67,
35,
18,
67,
77,
19,
6,
16,
25,
38,
11,
11,
10,
20,
24,
26,
3,
24,
3,
61,
24,
10,
27,
10,
22,
18,
10,
18,
60,
30,
32,
26,
93,
10,
17,
67,
29,
18,
55,
28,
59,
27,
52,
40,
16,
27,
51,
23,
23,
6,
16,
43,
10,
53,
50,
53,
15,
3,
57,
19,
52,
10,
26,
12,
18,
32,
36,
31,
44,
46,
39,
18,
10,
10,
10,
34,
87,
18,
18,
9,
25,
20,
13,
18,
17,
10,
3,
11,
3,
50,
26,
14,
25,
18,
25,
7,
18,
31,
4,
26,
18,
19,
58,
35,
9,
22,
10,
12,
139,
47,
11,
15,
120,
26,
38,
10,
20,
58,
91,
92,
26,
11,
42,
49,
67,
53,
7,
34,
10,
34,
10,
10,
11,
11,
19,
13,
3,
10,
14,
8,
11,
11,
12,
66,
28,
29,
48,
16,
81,
61,
33,
37,
26,
42,
27,
39,
39,
19,
44,
17,
19,
37,
21,
26,
12,
36,
43,
48,
122,
23,
28,
35,
10,
27,
46,
38,
30,
6,
40,
56,
22,
26,
24,
11,
24,
39,
32,
40,
20,
3,
18,
13,
15,
38,
14,
11,
10,
29,
104,
56,
26,
18,
93,
55,
40,
13,
37,
18,
77,
38,
34,
49,
68,
45,
8,
3,
27,
3,
6,
41,
39,
39,
63,
8,
10,
10,
21,
23,
36,
18,
44,
50,
28,
27,
8,
3,
10,
37,
31,
25,
26,
22,
23,
18,
37,
12,
47,
31,
28,
19,
28,
27,
23,
25,
28,
34,
31,
41,
37,
56,
17,
35,
24,
8,
10,
3,
83,
22,
116,
70,
32,
35,
12,
15,
21,
37,
64,
130,
24,
27,
29,
93,
25,
18,
3,
8,
10,
14,
30,
11,
36,
15,
25,
38,
16,
39,
81,
79,
71,
63,
11,
25,
16,
10,
6,
10,
33,
26,
16,
26,
42,
8,
10,
10,
10,
8,
35,
11,
43,
29,
23,
104,
28,
15,
44,
103,
65,
25,
37,
108,
19,
47,
25,
34,
35,
47,
28,
9,
13,
36,
14,
54,
148,
26,
58,
24,
57,
26,
46,
37,
68,
62,
68,
11,
8,
4,
72,
31,
15,
7,
17,
34,
9,
15,
15,
9,
123,
81,
9,
18,
22,
16,
8,
18,
40,
30,
3,
3,
16,
9,
9,
42,
13,
9,
31,
9,
12,
11,
6,
3,
10,
20,
21,
16,
9,
14,
9,
21,
13,
9,
19,
5,
14,
3,
6,
8,
10,
8,
7,
13,
8,
8,
10,
14,
8,
7,
3,
8,
3,
19,
9,
13,
26,
15,
20,
19,
14,
39,
12,
14,
8,
3,
8,
19,
10,
34,
6,
31,
31,
19,
8,
3,
6,
61,
40,
42,
41,
25,
32,
50,
28,
45,
10,
23,
20,
86,
28,
14,
12,
4,
8,
23,
12,
21,
9,
18,
20,
13,
9,
22,
13,
11,
32,
14,
16,
10,
91,
8,
15,
22,
4,
21,
35,
21,
53,
22,
14,
28,
85,
94,
133,
59,
82,
138,
21,
34,
41,
49,
21,
15,
143,
35,
8,
15,
9,
21,
8,
9,
9,
11,
23,
74,
47,
27,
38,
25,
69,
33,
33,
46,
26,
23,
7,
3,
4,
19,
9,
9,
15,
21,
3,
25,
3,
20,
21,
3,
14,
3,
30,
14,
6,
3,
3,
17,
10,
8,
9,
59,
16,
9,
13,
92,
32,
36,
10,
10,
3,
90,
87,
71,
11,
18,
26,
45,
18,
18,
41,
59,
37,
24,
10,
10,
51,
31,
26,
26,
26,
24,
10,
17,
17,
10,
18,
27,
18,
18,
10,
35,
8,
18,
19,
23,
40,
23,
22,
36,
20,
17,
26,
25,
11,
19,
17,
26,
27,
17,
17,
25,
20,
26,
24,
14,
35,
31,
35,
18,
11,
20,
10,
18,
10,
34,
18,
21,
12,
34,
18,
34,
10,
35,
23,
48,
18,
14,
7,
25,
26,
10,
20,
9,
22,
20,
17,
28,
33,
26,
26,
12,
25,
15,
12,
41,
30,
18,
34,
40,
28,
76,
26,
26,
34,
39,
3,
48,
4,
48,
15,
78,
34,
34,
43,
8,
27,
7,
28,
46,
11,
11,
16,
6,
8,
64,
7,
94,
8,
8,
29,
15,
28,
34,
89,
112,
6,
25,
45,
32,
11,
15,
12,
11,
15,
19,
30,
13,
13,
3,
19,
11,
39,
10,
5,
4,
10,
8,
20,
9,
10,
8,
4,
8,
13,
16,
5,
25,
26,
35,
22,
22,
37,
56,
70,
100,
44,
83,
50,
38,
23,
43,
10,
47,
14,
10,
26,
38,
13,
14,
18,
8,
3,
4,
48,
3,
12,
3,
3,
4,
8,
8,
98,
19,
21,
11,
21,
39,
41,
27,
26,
111,
36,
11,
18,
3,
10,
26,
126,
83,
100,
68,
59,
18,
18,
10,
18,
27,
16,
10,
3,
5,
10,
10,
3,
10,
3,
8,
44,
24,
83,
11,
6,
31,
12,
112,
18,
10,
38,
10,
37,
32,
24,
57,
43,
149,
60,
44,
122,
6,
35,
8,
39,
23,
24,
35,
10,
38,
57,
69,
33,
36,
10,
35,
27,
36,
68,
116,
10,
13,
15,
40,
51,
10,
25,
50,
36,
24,
24,
95,
46,
27,
21,
9,
3,
3,
46,
8,
54,
25,
13,
25,
12,
10,
13,
71,
64,
31,
91,
66,
74,
27,
71,
63,
36,
24,
39,
61,
49,
65,
43,
18,
10,
33,
48,
27,
35,
29,
15,
18,
18,
26,
29,
3,
11,
20,
64,
29,
25,
18,
18,
57,
36,
9,
30,
77,
34,
50,
66,
83,
54,
10,
42,
18,
33,
18,
22,
14,
62,
12,
13,
14,
90,
24,
29,
3,
7,
76,
28,
92,
16,
20,
36,
47,
19,
52,
26,
16,
10,
25,
37,
4,
4,
3,
52,
49,
115,
10,
24,
65,
26,
13,
25,
26,
108,
24,
14,
146,
28,
30,
146,
11,
127,
38,
5,
4,
16,
10,
6,
133,
14,
45,
60,
92,
32,
13,
7,
99,
17,
18,
21,
74,
32,
107,
20,
10,
101,
144,
27,
53,
36,
24,
35,
42,
12,
48,
10,
32,
32,
4,
38,
27,
10,
28,
32,
26,
16,
10,
13,
33,
65,
10,
63,
11,
41,
42,
33,
45,
113,
19,
8,
30,
87,
12,
41,
18,
57,
46,
30,
120,
33,
140,
11,
27,
15,
27,
19,
22,
79,
10,
10,
34,
14,
21,
21,
26,
26,
33,
11,
12,
13,
12,
25,
27,
107,
24,
13,
32,
85,
51,
42,
67,
26,
22,
35,
10,
33,
28,
10,
28,
29,
42,
112,
36,
41,
30,
16,
55,
53,
10,
8,
8,
9,
24,
18,
14,
25,
26,
18,
8,
12,
98,
28,
24,
45,
17,
23,
106,
35,
27,
26,
34,
41,
35,
64,
74,
19,
9,
9,
24,
43,
26,
25,
17,
47,
22,
10,
10,
7,
22,
69,
26,
23,
20,
135,
27,
138,
10,
85,
26,
16,
18,
12,
10,
4,
3,
126,
89,
34,
19,
11,
19,
10,
123,
11,
23,
11,
57,
25,
35,
4,
30,
3,
17,
40,
11,
9,
51,
127,
19,
10,
26,
18,
84,
10,
18,
49,
10,
11,
10,
38,
10,
45,
38,
72,
32,
9,
10,
106,
110,
38,
18,
14,
10,
10,
26,
18,
43,
28,
53,
33,
47,
10,
25,
74,
51,
32,
34,
29,
37,
31,
26,
53,
68,
11,
25,
18,
18,
10,
10,
23,
85,
26,
5,
22,
23,
10,
3,
53,
44,
9,
8,
9,
30,
20,
17,
47,
43,
22,
41,
51,
18,
26,
18,
23,
8,
60,
35,
26,
59,
16,
38,
10,
10,
9,
10,
10,
10,
14,
26,
20,
28,
34,
32,
12,
15,
42,
40,
35,
43,
30,
23,
30,
8,
24,
16,
14,
25,
10,
29,
20,
18,
16,
25,
18,
95,
9,
39,
30,
22,
10,
26,
10,
17,
17,
14,
18,
21,
26,
22,
19,
17,
55,
18,
43,
34,
10,
13,
65,
50,
40,
30,
19,
15,
14,
43,
11,
8,
11,
11,
11,
11,
17,
18,
3,
10,
12,
10,
10,
17,
10,
10,
17,
61,
21,
10,
10,
10,
35,
10,
8,
4,
3,
61,
11,
94,
27,
14,
23,
49,
114,
16,
77,
16,
32,
15,
67,
23,
20,
35,
25,
49,
10,
10,
10,
22,
9,
4,
8,
40,
65,
10,
42,
39,
53,
73,
40,
42,
28,
104,
36,
32,
74,
40,
125,
76,
9,
131,
17,
41,
106,
56,
94,
28,
45,
17,
21,
19,
50,
16,
4,
21,
57,
24,
54,
83,
36,
17,
19,
13,
23,
28,
12,
7,
7,
11,
66,
33,
3,
56,
14,
43,
31,
36,
67,
88,
50,
117,
36,
32,
41,
77,
65,
84,
44,
34,
18,
15,
18,
19,
13,
4,
123,
54,
34,
40,
31,
18,
19,
91,
9,
96,
41,
23,
9,
94,
5,
11,
11,
10,
16,
61,
47,
120,
49,
62,
26,
24,
9,
18,
82,
62,
4,
52,
10,
10,
11,
4,
3,
22,
27,
36,
82,
10,
33,
46,
28,
68,
133,
41,
54,
3,
37,
21,
93,
24,
24,
40,
43,
33,
6,
5,
27,
28,
43,
25,
12,
27,
23,
42,
26,
33,
9,
28,
10,
38,
36,
34,
49,
19,
12,
29,
25,
115,
33,
35,
18,
31,
19,
113,
41,
44,
12,
31,
21,
30,
42,
34,
36,
29,
27,
42,
41,
34,
36,
40,
41,
52,
52,
28,
44,
43,
34,
32,
40,
18,
17,
26,
27,
42,
41,
39,
34,
31,
20,
32,
24,
26,
10,
10,
26,
22,
31,
20,
41,
48,
39,
86,
33,
36,
53,
24,
34,
19,
43,
29,
42,
44,
25,
29,
38,
29,
32,
26,
9,
32,
23,
20,
36,
39,
17,
18,
36,
7,
39,
36,
15,
16,
26,
18,
11,
12,
18,
6,
25,
37,
30,
26,
32,
38,
20,
28,
29,
34,
34,
28,
40,
36,
38,
36,
36,
42,
36,
3,
64,
42,
42,
32,
15,
22,
19,
3,
19,
33,
25,
25,
13,
18,
19,
17,
25,
9,
10,
9,
17,
43,
25,
17,
28,
18,
26,
25,
32,
22,
32,
41,
10,
10,
14,
10,
10,
10,
18,
18,
10,
29,
29,
26,
27,
34,
23,
15,
16,
15,
17,
37,
31,
11,
26,
30,
36,
29,
33,
56,
41,
29,
38,
41,
9,
7,
18,
15,
8,
16,
17,
42,
16,
44,
14,
18,
6,
40,
36,
23,
35,
25,
34,
32,
29,
18,
34,
28,
34,
10,
29,
34,
18,
34,
27,
44,
12,
4,
9,
26,
18,
10,
10,
43,
16,
24,
41,
25,
17,
25,
33,
15,
34,
14,
23,
10,
43,
32,
26,
18,
39,
43,
18,
20,
30,
36,
15,
38,
26,
31,
35,
12,
26,
8,
10,
33,
15,
30,
41,
15,
40,
33,
21,
26,
40,
10,
17,
19,
10,
25,
18,
16,
10,
20,
20,
8,
9,
15,
9,
16,
10,
20,
9,
5,
19,
14,
9,
5,
21,
16,
15,
23,
17,
11,
14,
16,
9,
9,
10,
10,
17,
23,
15,
26,
9,
17,
24,
16,
9,
17,
17,
19,
6,
10,
18,
21,
9,
19,
22,
29,
34,
55,
35,
31,
35,
32,
29,
43,
29,
17,
27,
35,
31,
32,
35,
52,
10,
10,
34,
23,
32,
45,
34,
44,
20,
36,
20,
25,
56,
18,
23,
16,
25,
34,
17,
26,
25,
28,
25,
32,
10,
26,
34,
16,
34,
25,
44,
14,
40,
23,
18,
23,
26,
18,
32,
42,
27,
23,
37,
17,
29,
17,
26,
9,
42,
19,
12,
14,
19,
17,
26,
25,
17,
17,
17,
28,
15,
14,
15,
13,
9,
25,
22,
10,
18,
14,
16,
28,
25,
33,
34,
30,
25,
43,
26,
44,
30,
43,
32,
26,
17,
32,
67,
29,
19,
43,
26,
26,
26,
21,
36,
18,
12,
27,
26,
30,
23,
35,
23,
17,
30,
18,
21,
16,
23,
23,
7,
27,
27,
25,
25,
25,
33,
28,
32,
27,
15,
26,
30,
25,
4,
19,
10,
25,
12,
14,
20,
20,
17,
31,
26,
26,
14,
25,
21,
9,
51,
23,
26,
34,
26,
27,
26,
18,
10,
20,
9,
17,
18,
14,
20,
10,
18,
20,
9,
26,
10,
30,
28,
27,
28,
35,
46,
39,
53,
36,
17,
27,
25,
32,
17,
39,
42,
38,
10,
17,
11,
17,
22,
18,
30,
15,
35,
22,
18,
25,
25,
9,
16,
9,
18,
26,
10,
42,
33,
15,
43,
37,
30,
50,
39,
22,
35,
40,
17,
35,
40,
31,
43,
34,
34,
10,
36,
40,
31,
10,
39,
45,
38,
46,
42,
38,
17,
10,
37,
31,
41,
40,
38,
43,
42,
46,
42,
43,
40,
31,
25,
36,
38,
42,
34,
14,
29,
42,
46,
55,
45,
34,
44,
39,
38,
19,
14,
60,
42,
51,
46,
57,
28,
31,
26,
42,
55,
37,
49,
33,
41,
26,
38,
20,
32,
18,
47,
35,
23,
35,
47,
42,
24,
36,
28,
35,
50,
18,
34,
47,
41,
54,
19,
31,
41,
42,
44,
38,
45,
36,
38,
33,
25,
25,
29,
12,
18,
26,
19,
32,
39,
10,
35,
44,
21,
35,
31,
34,
43,
31,
47,
22,
37,
46,
39,
33,
36,
42,
40,
47,
47,
36,
8,
10,
142,
22,
8,
16,
18,
19,
33,
17,
38,
118,
21,
21,
9,
19,
11,
31,
17,
26,
27,
23,
107,
5,
16,
20,
128,
43,
18,
42,
34,
60,
18,
28,
10,
15,
4,
9,
35,
14,
88,
39,
78,
10,
98,
32,
33,
21,
8,
119,
10,
45,
10,
118,
18,
27,
16,
22,
10,
43,
7,
15,
9,
34,
26,
11,
18,
22,
63,
19,
19,
37,
17,
135,
7,
4,
50,
49,
32,
10,
26,
79,
73,
29,
19,
40,
18,
30,
138,
22,
62,
13,
23,
16,
10,
11,
130,
38,
18,
19,
10,
9,
8,
10,
57,
33,
50,
82,
145,
52,
79,
27,
75,
90,
13,
24,
109,
25,
9,
27,
15,
26,
10,
18,
11,
65,
128,
27,
48,
117,
20,
24,
20,
23,
29,
34,
48,
4,
39,
54,
44,
51,
42,
12,
31,
50,
38,
3,
24,
29,
25,
19,
22,
38,
10,
6,
10,
18,
18,
3,
133,
72,
16,
35,
9,
27,
33,
105,
20,
10,
51,
62,
12,
14,
14,
36,
55,
16,
10,
24,
35,
10,
16,
10,
83,
9,
42,
18,
40,
144,
10,
16,
34,
23,
23,
10,
30,
59,
6,
88,
47,
61,
35,
62,
20,
15,
20,
12,
20,
35,
27,
26,
34,
26,
40,
28,
17,
8,
13,
36,
43,
19,
38,
28,
24,
8,
34,
32,
17,
26,
18,
18,
18,
8,
10,
10,
3,
23,
43,
27,
3,
10,
4,
10,
11,
10,
9,
10,
13,
14,
25,
53,
45,
18,
56,
9,
12,
16,
18,
15,
15,
17,
10,
8,
7,
30,
13,
20,
24,
18,
65,
11,
5,
4,
22,
9,
24,
39,
30,
10,
21,
8,
19,
10,
8,
7,
11,
63,
149,
122,
35,
39,
50,
29,
35,
34,
10,
10,
78,
49,
27,
26,
41,
10,
87,
16,
10,
18,
18,
27,
20,
48,
34,
25,
4,
10,
65,
18,
52,
30,
44,
17,
26,
10,
35,
10,
17,
19,
20,
18,
18,
12,
42,
38,
10,
22,
18,
34,
29,
36,
34,
26,
35,
32,
18,
19,
49,
25,
10,
18,
18,
9,
47,
11,
34,
17,
27,
24,
45,
10,
23,
18,
25,
20,
18,
44,
45,
11,
36,
22,
19,
32,
5,
25,
15,
34,
35,
25,
42,
12,
25,
63,
18,
18,
130,
13,
23,
45,
38,
27,
4,
28,
36,
35,
10,
30,
145,
44,
20,
31,
26,
12,
18,
34,
60,
30,
23,
24,
38,
10,
45,
12,
3,
26,
18,
26,
27,
37,
18,
30,
23,
28,
25,
34,
30,
29,
17,
17,
27,
23,
17,
26,
9,
42,
26,
33,
15,
10,
15,
43,
39,
42,
27,
45,
42,
46,
25,
25,
35,
44,
18,
26,
26,
36,
38,
29,
4,
25,
28,
37,
37,
25,
19,
35,
39,
17,
85,
64,
10,
4,
38,
18,
32,
49,
18,
7,
12,
112,
44,
26,
22,
23,
9,
10,
10,
10,
13,
9,
8,
3,
3,
8,
92,
35,
21,
54,
12,
129,
4,
3,
45,
137,
43,
68,
74,
25,
62,
29,
64,
74,
80,
11,
57,
25,
34,
30,
18,
139,
58,
25,
12,
29,
18,
19,
27,
38,
12,
26,
10,
20,
19,
61,
55,
9,
10,
10,
10,
18,
10,
4,
10,
18,
10,
38,
13,
3,
9,
18,
4,
6,
84,
10,
24,
21,
18,
34,
18,
14,
14,
30,
45,
27,
36,
6,
58,
26,
32,
43,
29,
45,
26,
10,
12,
43,
18,
12,
16,
16,
14,
26,
25,
97,
131,
100,
83,
41,
9,
9,
14,
16,
102,
48,
27,
90,
10,
16,
21,
10,
38,
27,
21,
11,
55,
19,
10,
28,
20,
27,
14,
20,
10,
21,
3,
14,
17,
16,
19,
10,
8,
5,
19,
28,
25,
26,
23,
21,
14,
7,
27,
96,
33,
16,
5,
91,
42,
8,
21,
11,
93,
10,
75,
99,
59,
3,
13,
117,
16,
35,
8,
115,
29,
59,
122,
35,
73,
65,
17,
3,
9,
59,
70,
88,
10,
19,
24,
6,
11,
14,
12,
23,
15,
18,
44,
30,
27,
16,
53,
25,
41,
92,
59,
49,
45,
36,
22,
59,
40,
48,
41,
52,
48,
30,
75,
3,
3,
9,
5,
9,
16,
12,
18,
7,
7,
88,
9,
63,
4,
18,
77,
14,
55,
92,
18,
35,
69,
13,
23,
4,
44,
67,
45,
92,
11,
8,
11,
27,
19,
16,
18,
21,
9,
45,
27,
31,
21,
10,
73,
56,
17,
35,
15,
10,
17,
7,
22,
9,
9,
10,
18,
37,
9,
9,
11,
10,
19,
20,
4,
10,
111,
7,
21,
19,
52,
44,
4,
51,
5,
47,
3,
7,
86,
10,
27,
11,
40,
9,
6,
34,
16,
18,
17,
10,
61,
63,
15,
12,
16,
10,
3,
24,
3,
11,
12,
14,
67,
21,
11,
73,
14,
10,
58,
18,
75,
18,
25,
17,
33,
10,
28,
15,
41,
19,
10,
8,
59,
3,
141,
24,
26,
26,
3,
53,
9,
46,
29,
27,
16,
18,
49,
56,
48,
21,
77,
48,
3,
17,
45,
26,
37,
8,
30,
41,
17,
16,
81,
3,
3,
22,
38,
37,
19,
19,
32,
25,
11,
10,
3,
13,
38,
25,
16,
14,
26,
9,
8,
13,
27,
54,
52,
30,
58,
76,
56,
83,
26,
19,
19,
10,
32,
24,
15,
5,
64,
27,
20,
3,
10,
54,
86,
31,
3,
59,
21,
11,
10,
119,
88,
9,
27,
20,
10,
6,
19,
38,
14,
10,
26,
10,
76,
15,
55,
31,
51,
11,
19,
3,
39,
32,
11,
27,
16,
64,
10,
11,
17,
23,
33,
83,
37,
10,
32,
42,
114,
41,
87,
16,
34,
66,
59,
42,
75,
17,
31,
10,
93,
56,
21,
45,
10,
42,
55,
19,
44,
10,
49,
52,
31,
34,
18,
19,
12,
10,
61,
20,
94,
29,
79,
98,
32,
41,
9,
10,
4,
32,
20,
23,
18,
41,
24,
10,
20,
57,
39,
30,
23,
29,
11,
10,
26,
4,
63,
28,
111,
14,
19,
4,
107,
17,
64,
28,
18,
74,
23,
42,
21,
18,
108,
23,
26,
26,
31,
62,
18,
18,
62,
7,
32,
10,
44,
37,
55,
60,
33,
49,
12,
18,
39,
67,
99,
66,
48,
26,
56,
60,
18,
9,
19,
16,
35,
34,
25,
10,
34,
15,
10,
16,
10,
19,
38,
19,
62,
52,
4,
10,
18,
10,
34,
84,
10,
29,
33,
46,
31,
24,
60,
39,
10,
139,
99,
26,
10,
34,
44,
18,
30,
18,
71,
22,
26,
22,
6,
15,
8,
18,
25,
38,
50,
10,
72,
57,
45,
10,
43,
10,
21,
35,
30,
9,
74,
38,
21,
4,
10,
10,
23,
24,
10,
38,
17,
17,
34,
19,
34,
60,
20,
31,
7,
11,
14,
9,
21,
26,
24,
9,
24,
22,
20,
26,
10,
3,
25,
17,
44,
32,
9,
21,
51,
20,
39,
39,
11,
20,
69,
3,
107,
125,
25,
33,
78,
22,
34,
18,
37,
40,
24,
19,
21,
23,
14,
71,
18,
28,
20,
34,
50,
23,
34,
18,
53,
115,
76,
74,
37,
39,
26,
98,
18,
65,
63,
14,
27,
60,
56,
18,
19,
10,
31,
53,
54,
7,
72,
18,
10,
18,
18,
10,
11,
50,
13,
47,
10,
10,
43,
7,
16,
9,
10,
34,
3,
4,
3,
6,
7,
59,
25,
18,
9,
75,
14,
20,
10,
22,
15,
15,
12,
10,
18,
10,
9,
3,
9,
21,
9,
38,
40,
43,
21,
35,
18,
16,
34,
43,
37,
61,
45,
43,
59,
26,
19,
24,
9,
28,
17,
83,
18,
59,
31,
19,
15,
10,
18,
14,
11,
4,
55,
20,
11,
10,
21,
11,
10,
12,
42,
30,
23,
9,
10,
47,
9,
10,
18,
11,
19,
18,
10,
24,
27,
19,
10,
17,
3,
10,
19,
10,
13,
10,
35,
29,
18,
27,
10,
10,
16,
17,
9,
28,
10,
15,
28,
8,
39,
4,
11,
34,
4,
10,
41,
36,
37,
18,
10,
30,
21,
18,
18,
10,
10,
25,
10,
31,
18,
16,
48,
18,
9,
20,
18,
8,
14,
6,
22,
107,
29,
42,
14,
21,
4,
20,
31,
18,
10,
14,
32,
18,
27,
22,
19,
18,
9,
9,
11,
23,
10,
8,
28,
10,
10,
10,
10,
39,
19,
22,
18,
15,
17,
9,
25,
9,
10,
11,
26,
27,
13,
10,
15,
27,
14,
20,
26,
18,
45,
20,
35,
13,
9,
14,
22,
18,
26,
25,
11,
49,
17,
38,
10,
33,
10,
10,
17,
10,
12,
29,
31,
32,
9,
18,
27,
20,
23,
17,
10,
43,
26,
22,
8,
27,
16,
35,
10,
10,
4,
28,
10,
17,
11,
17,
41,
10,
33,
11,
15,
19,
18,
23,
51,
27,
33,
18,
27,
10,
12,
10,
10,
15,
10,
12,
8,
10,
16,
18,
12,
14,
10,
26,
25,
10,
10,
11,
12,
26,
25,
11,
22,
11,
10,
24,
39,
17,
17,
26,
28,
28,
12,
19,
26,
26,
28,
6,
10,
6,
26,
14,
20,
20,
3,
15,
20,
20,
4,
14,
14,
21,
14,
14,
26,
7,
19,
15,
16,
19,
10,
3,
21,
9,
15,
8,
8,
9,
10,
41,
30,
8,
6,
8,
6,
10,
20,
9,
9,
9,
9,
11,
15,
17,
4,
24,
15,
7,
13,
16,
17,
7,
14,
9,
17,
10,
8,
6,
27,
18,
17,
10,
8,
10,
8,
10,
16,
12,
11,
4,
15,
13,
9,
22,
25,
29,
18,
7,
8,
9,
17,
23,
26,
11,
33,
10,
18,
52,
23,
24,
9,
8,
9,
27,
15,
37,
10,
19,
8,
24,
18,
28,
15,
29,
9,
10,
3,
22,
12,
9,
18,
25,
10,
Average: 31.06568378240976
Median: 25.0
Min: 3
Max: 150
STD: 25.00881099085003
